experiment_id,executor,scheduler,job_id,workload_type,priority,waiting_time,execution_time,total_time,error,duration_s,cpu_user_delta_s,cpu_system_delta_s,ctx_voluntary_delta,ctx_involuntary_delta,memory_mb,memory_delta_mb
async_fifo,async,fifo,7bc5edae,memory_numpy,2,0.0,0.1132049560546875,0.1132049560546875,,,,,,,,
async_fifo,async,fifo,ad4452e7,mixed_cpu_io,2,0.0,0.3045189380645752,0.3045189380645752,,,,,,,,
async_fifo,async,fifo,641228d3,memory_numpy,2,0.0020160675048828125,0.047020912170410156,0.04903697967529297,,,,,,,,
async_fifo,async,fifo,19b72f2e,io_sleep,3,0.0,0.18784308433532715,0.18784308433532715,,,,,,,,
async_fifo,async,fifo,7429fc82,cpu_fibonacci,1,0.010421991348266602,0.6814999580383301,0.6919219493865967,,,,,,,,
async_fifo,async,fifo,2b972384,ml_predict,2,0.0,0.5173709392547607,0.5173709392547607,No module named 'sklearn',,,,,,,
async_fifo,async,fifo,8692bdd8,cpu_fibonacci,1,0.0,1.0228500366210938,1.0228500366210938,,,,,,,,
async_fifo,async,fifo,b2580df6,cpu_matrix,1,0.0,1.2495949268341064,1.2495949268341064,,,,,,,,
async_fifo,async,fifo,04cb7d69,memory_list,2,0.005775928497314453,0.3049330711364746,0.31070899963378906,,,,,,,,
async_fifo,async,fifo,a56b5827,io_file,3,0.0,0.9227750301361084,0.9227750301361084,,,,,,,,
async_fifo,async,fifo,53f554af,io_sleep,3,0.0,0.5241270065307617,0.5241270065307617,,,,,,,,
async_fifo,async,fifo,14c4b603,mixed_cpu_io,2,0.0,0.5606241226196289,0.5606241226196289,,,,,,,,
async_fifo,async,fifo,88af6c84,ml_predict,2,0.002012014389038086,0.1919231414794922,0.19393515586853027,No module named 'sklearn',,,,,,,
async_fifo,async,fifo,cec31906,io_file,3,0.0,0.22655606269836426,0.22655606269836426,,,,,,,,
async_fifo,async,fifo,8ce604c4,mixed_cpu_io,2,0.0,0.653317928314209,0.653317928314209,,,,,,,,
async_fifo,async,fifo,09c2a386,ml_predict,2,0.001756906509399414,0.013231992721557617,0.014988899230957031,No module named 'sklearn',,,,,,,
async_fifo,async,fifo,14921e2d,ml_predict,2,0.0,0.008260011672973633,0.008260011672973633,No module named 'sklearn',,,,,,,
async_fifo,async,fifo,46a870d5,io_file,3,0.041079044342041016,0.27839183807373047,0.3194708824157715,,,,,,,,
async_fifo,async,fifo,69ed210c,cpu_matrix,1,0.0,0.01941514015197754,0.01941514015197754,,,,,,,,
async_fifo,async,fifo,d6458b91,mixed_cpu_io,2,0.0,0.5524129867553711,0.5524129867553711,,,,,,,,
async_fifo,async,fifo,1426c31c,memory_numpy,2,0.008068084716796875,0.05378103256225586,0.061849117279052734,,,,,,,,
async_fifo,async,fifo,fb10beed,io_sleep,3,0.020576953887939453,0.31098318099975586,0.3315601348876953,,,,,,,,
async_fifo,async,fifo,67e7f68c,mixed_cpu_io,2,0.020434141159057617,0.5426578521728516,0.5630919933319092,,,,,,,,
async_fifo,async,fifo,99b756f1,memory_numpy,2,0.0,0.06961488723754883,0.06961488723754883,,,,,,,,
async_fifo,async,fifo,61ad2645,memory_numpy,2,0.0,0.09805703163146973,0.09805703163146973,,,,,,,,
async_fifo,async,fifo,ef38d26b,io_sleep,3,0.0,0.3003101348876953,0.3003101348876953,,,,,,,,
async_fifo,async,fifo,781a43bb,io_sleep,3,0.0,0.4429919719696045,0.4429919719696045,,,,,,,,
async_fifo,async,fifo,c3365d68,memory_numpy,2,0.0,0.08669185638427734,0.08669185638427734,,,,,,,,
async_fifo,async,fifo,15253721,io_file,3,0.002012968063354492,0.01960301399230957,0.021615982055664062,,,,,,,,
async_fifo,async,fifo,c4366cd8,io_sleep,3,0.0,0.415071964263916,0.415071964263916,,,,,,,,
async_fifo,async,fifo,8e5370eb,cpu_fibonacci,1,0.0,0.2985801696777344,0.2985801696777344,,,,,,,,
async_fifo,async,fifo,a61e7539,cpu_matrix,1,0.009842872619628906,0.2687559127807617,0.2785987854003906,,,,,,,,
async_fifo,async,fifo,deb19886,cpu_fibonacci,1,0.012153148651123047,0.3962409496307373,0.40839409828186035,,,,,,,,
async_fifo,async,fifo,d33629e0,cpu_fibonacci,1,0.0,0.30375194549560547,0.30375194549560547,,,,,,,,
async_fifo,async,fifo,3c6c714e,ml_predict,2,0.007795810699462891,0.3876171112060547,0.3954129219055176,No module named 'sklearn',,,,,,,
async_fifo,async,fifo,643bcf2a,io_file,3,0.0,0.1947789192199707,0.1947789192199707,,,,,,,,
async_fifo,async,fifo,694e2567,cpu_fibonacci,1,0.0,0.1308450698852539,0.1308450698852539,,,,,,,,
async_fifo,async,fifo,9302b840,memory_numpy,2,0.0,0.0404047966003418,0.0404047966003418,,,,,,,,
async_fifo,async,fifo,74266c81,io_file,3,0.0,0.018002986907958984,0.018002986907958984,,,,,,,,
async_fifo,async,fifo,cd1d05bd,ml_predict,2,0.0,0.010419130325317383,0.010419130325317383,No module named 'sklearn',,,,,,,
async_fifo,async,fifo,24886e09,cpu_fibonacci,1,0.0,0.06109285354614258,0.06109285354614258,,,,,,,,
async_fifo,async,fifo,1c266ff9,memory_list,2,0.0,0.050631046295166016,0.050631046295166016,,,,,,,,
async_fifo,async,fifo,6c62f45c,io_sleep,3,0.0,0.32595014572143555,0.32595014572143555,,,,,,,,
async_fifo,async,fifo,40cae931,io_sleep,3,0.0,0.23360800743103027,0.23360800743103027,,,,,,,,
async_fifo,async,fifo,5d8dee07,cpu_fibonacci,1,0.0,0.26059508323669434,0.26059508323669434,,,,,,,,
async_fifo,async,fifo,36d181e8,ml_predict,2,0.04106593132019043,0.05209517478942871,0.09316110610961914,No module named 'sklearn',,,,,,,
async_fifo,async,fifo,97cb366f,io_file,3,0.0,0.12601494789123535,0.12601494789123535,,,,,,,,
async_fifo,async,fifo,a889345b,memory_numpy,2,0.0,0.045929908752441406,0.045929908752441406,,,,,,,,
async_fifo,async,fifo,b3318569,memory_numpy,2,0.0,0.12387800216674805,0.12387800216674805,,,,,,,,
async_fifo,async,fifo,9a154db4,cpu_fibonacci,1,0.0,0.40427112579345703,0.40427112579345703,,,,,,,,
async_fifo,async,fifo,596343c5,memory_list,2,0.04043889045715332,0.2590651512145996,0.29950404167175293,,,,,,,,
async_fifo,async,fifo,57387f55,mixed_cpu_io,2,0.02077007293701172,0.4182100296020508,0.4389801025390625,,,,,,,,
async_fifo,async,fifo,0f504a3f,ml_predict,2,0.0,0.013178110122680664,0.013178110122680664,No module named 'sklearn',,,,,,,
async_fifo,async,fifo,0c6dabaa,ml_predict,2,0.0,0.0,0.0,No module named 'sklearn',,,,,,,
async_fifo,async,fifo,f79f4e77,io_sleep,3,0.0,0.2939150333404541,0.2939150333404541,,,,,,,,
async_fifo,async,fifo,d60d9da8,ml_predict,2,0.002009153366088867,0.008037805557250977,0.010046958923339844,No module named 'sklearn',,,,,,,
async_fifo,async,fifo,5cdd45dd,memory_numpy,2,0.0,0.06995606422424316,0.06995606422424316,,,,,,,,
async_fifo,async,fifo,dd925991,mixed_cpu_io,2,0.0,0.2800941467285156,0.2800941467285156,,,,,,,,
async_fifo,async,fifo,fdb684ba,io_sleep,3,0.0,0.45783495903015137,0.45783495903015137,,,,,,,,
async_fifo,async,fifo,355dbecb,memory_numpy,2,0.020022153854370117,0.16832399368286133,0.18834614753723145,,,,,,,,
async_fifo,async,fifo,12741ddf,mixed_cpu_io,2,0.0,0.377701997756958,0.377701997756958,,,,,,,,
async_fifo,async,fifo,10de7775,memory_numpy,2,0.0,0.045732975006103516,0.045732975006103516,,,,,,,,
async_fifo,async,fifo,2dfc2eb1,io_sleep,3,0.0,0.33571791648864746,0.33571791648864746,,,,,,,,
async_fifo,async,fifo,bfa693b1,io_file,3,0.0,0.014189004898071289,0.014189004898071289,,,,,,,,
async_fifo,async,fifo,216eaa9d,cpu_matrix,1,0.002009153366088867,0.008044004440307617,0.010053157806396484,,,,,,,,
async_fifo,async,fifo,78ce13d5,io_sleep,3,0.0,0.11962318420410156,0.11962318420410156,,,,,,,,
async_fifo,async,fifo,08f75700,ml_predict,2,0.0,0.008060932159423828,0.008060932159423828,No module named 'sklearn',,,,,,,
async_fifo,async,fifo,104c8e76,io_file,3,0.0,0.014169931411743164,0.014169931411743164,,,,,,,,
async_fifo,async,fifo,debf8b50,memory_numpy,2,0.0,0.05937790870666504,0.05937790870666504,,,,,,,,
async_fifo,async,fifo,271dd604,cpu_matrix,1,0.0,0.00804591178894043,0.00804591178894043,,,,,,,,
async_fifo,async,fifo,5593a9d9,memory_numpy,2,0.0,0.0726020336151123,0.0726020336151123,,,,,,,,
async_fifo,async,fifo,36b1a193,io_file,3,0.0,0.02158498764038086,0.02158498764038086,,,,,,,,
async_fifo,async,fifo,b91a4bed,cpu_fibonacci,1,0.0,0.08851885795593262,0.08851885795593262,,,,,,,,
async_fifo,async,fifo,5317f31e,memory_list,2,0.0,0.16152501106262207,0.16152501106262207,,,,,,,,
async_fifo,async,fifo,19857c08,io_sleep,3,0.0,0.3278980255126953,0.3278980255126953,,,,,,,,
async_fifo,async,fifo,b4cf2b97,mixed_cpu_io,2,0.0,0.2634718418121338,0.2634718418121338,,,,,,,,
async_fifo,async,fifo,4b2b7bc7,cpu_matrix,1,0.0,0.01019287109375,0.01019287109375,,,,,,,,
async_fifo,async,fifo,4dca1844,io_file,3,0.0,0.010128974914550781,0.010128974914550781,,,,,,,,
async_fifo,async,fifo,c4e9abdf,mixed_cpu_io,2,0.0,0.2598140239715576,0.2598140239715576,,,,,,,,
async_fifo,async,fifo,69324a7b,cpu_fibonacci,1,0.0,0.08147907257080078,0.08147907257080078,,,,,,,,
async_fifo,async,fifo,90f9bbcf,memory_numpy,2,0.0,0.08751392364501953,0.08751392364501953,,,,,,,,
async_fifo,async,fifo,4875ed4f,memory_list,2,0.0,0.07744002342224121,0.07744002342224121,,,,,,,,
async_fifo,async,fifo,ff81bec5,io_sleep,3,0.0,0.3743019104003906,0.3743019104003906,,,,,,,,
async_fifo,async,fifo,7bfcc7b4,cpu_matrix,1,0.0,0.010387182235717773,0.010387182235717773,,,,,,,,
async_fifo,async,fifo,330db91e,cpu_fibonacci,1,0.0,0.06123614311218262,0.06123614311218262,,,,,,,,
async_fifo,async,fifo,8b0a5c68,io_sleep,3,0.0,0.19316601753234863,0.19316601753234863,,,,,,,,
async_fifo,async,fifo,f4f401fc,cpu_matrix,1,0.0,0.010267972946166992,0.010267972946166992,,,,,,,,
async_fifo,async,fifo,33978a70,cpu_fibonacci,1,0.0,0.10220003128051758,0.10220003128051758,,,,,,,,
async_fifo,async,fifo,304ccea7,mixed_cpu_io,2,0.0,0.3705909252166748,0.3705909252166748,,,,,,,,
async_fifo,async,fifo,fab1e1f8,ml_predict,2,0.0,0.0069179534912109375,0.0069179534912109375,No module named 'sklearn',,,,,,,
async_fifo,async,fifo,32045021,io_sleep,3,0.0,0.3569648265838623,0.3569648265838623,,,,,,,,
async_fifo,async,fifo,d005ae86,io_sleep,3,0.0,0.5608139038085938,0.5608139038085938,,,,,,,,
async_fifo,async,fifo,43f66d93,io_sleep,3,0.0,0.5621559619903564,0.5621559619903564,,,,,,,,
async_fifo,async,fifo,407775e5,cpu_fibonacci,1,0.0,0.28589391708374023,0.28589391708374023,,,,,,,,
async_fifo,async,fifo,24f58c2e,mixed_cpu_io,2,0.0,0.449038028717041,0.449038028717041,,,,,,,,
async_fifo,async,fifo,3e2f91ec,cpu_matrix,1,0.0,0.022384166717529297,0.023394107818603516,,,,,,,,
async_fifo,async,fifo,f81171e0,ml_predict,2,0.0,0.005754947662353516,0.005754947662353516,No module named 'sklearn',,,,,,,
async_fifo,async,fifo,2dd4f02d,mixed_cpu_io,2,0.0,0.2976388931274414,0.2976388931274414,,,,,,,,
async_fifo,async,fifo,06c334c0,cpu_matrix,1,0.0,0.01007390022277832,0.01007390022277832,,,,,,,,
async_fifo,async,fifo,63625114,cpu_fibonacci,1,0.0,0.09008502960205078,0.09008502960205078,,,,,,,,
async_fifo,async,fifo,640ab3f4,io_sleep,3,0.0,0.4106628894805908,0.4106628894805908,,,,,,,,
async_fifo,async,fifo,2510c26d,cpu_fibonacci,1,0.0,0.16621112823486328,0.16621112823486328,,,,,,,,
async_fifo,async,fifo,9c6c618f,cpu_matrix,1,0.0,0.012565851211547852,0.012565851211547852,,,,,,,,
async_fifo,async,fifo,1c4bcca8,io_sleep,3,0.0,0.1742241382598877,0.1742241382598877,,,,,,,,
async_fifo,async,fifo,87363657,memory_numpy,2,0.0,0.0601809024810791,0.0601809024810791,,,,,,,,
async_fifo,async,fifo,afa7b475,cpu_fibonacci,1,0.0,0.10185408592224121,0.10185408592224121,,,,,,,,
async_fifo,async,fifo,c5302cfe,io_sleep,3,0.0,0.5327050685882568,0.5327050685882568,,,,,,,,
async_fifo,async,fifo,ebee6493,io_file,3,0.010128974914550781,0.04317808151245117,0.05330705642700195,,,,,,,,
async_fifo,async,fifo,ade43105,mixed_cpu_io,2,0.0,0.32038211822509766,0.32038211822509766,,,,,,,,
async_fifo,async,fifo,bfa17c64,memory_numpy,2,0.0,0.11910009384155273,0.11910009384155273,,,,,,,,
async_fifo,async,fifo,9726ab13,cpu_fibonacci,1,0.0,0.12044191360473633,0.12044191360473633,,,,,,,,
async_fifo,async,fifo,45195b64,io_file,3,0.0,0.024647951126098633,0.024647951126098633,,,,,,,,
async_fifo,async,fifo,8a8e842a,io_file,3,0.0,0.020811080932617188,0.020811080932617188,,,,,,,,
async_fifo,async,fifo,33887eb0,io_sleep,3,0.0,0.32425403594970703,0.32425403594970703,,,,,,,,
async_fifo,async,fifo,82400194,cpu_matrix,1,0.0,0.008253812789916992,0.008253812789916992,,,,,,,,
async_fifo,async,fifo,45d51824,memory_list,2,0.0,0.08417201042175293,0.08417201042175293,,,,,,,,
async_fifo,async,fifo,e4771d59,ml_predict,2,0.0,0.010127067565917969,0.010127067565917969,No module named 'sklearn',,,,,,,
async_fifo,async,fifo,e820778a,cpu_fibonacci,1,0.0,0.1675419807434082,0.1675419807434082,,,,,,,,
async_fifo,async,fifo,2ca9d390,mixed_cpu_io,2,0.0010001659393310547,0.2664659023284912,0.26746606826782227,,,,,,,,
async_fifo,async,fifo,555fa91a,io_sleep,3,0.0,0.43659019470214844,0.43659019470214844,,,,,,,,
async_fifo,async,fifo,7c666280,io_sleep,3,0.0,0.273406982421875,0.273406982421875,,,,,,,,
async_fifo,async,fifo,f67a1e46,memory_list,2,0.0,0.18328094482421875,0.18328094482421875,,,,,,,,
async_fifo,async,fifo,c6a33e34,mixed_cpu_io,2,0.0,0.37737298011779785,0.37737298011779785,,,,,,,,
async_fifo,async,fifo,ce421451,cpu_fibonacci,1,0.0,0.29196882247924805,0.29196882247924805,,,,,,,,
async_fifo,async,fifo,4fc00570,memory_numpy,2,0.009612083435058594,0.06052398681640625,0.07013607025146484,,,,,,,,
async_fifo,async,fifo,65007159,ml_predict,2,0.0,0.008156061172485352,0.008156061172485352,No module named 'sklearn',,,,,,,
async_fifo,async,fifo,0103acb3,memory_list,2,0.0,0.23594999313354492,0.23594999313354492,,,,,,,,
async_fifo,async,fifo,742bc352,memory_list,2,0.02637481689453125,0.23673510551452637,0.2631099224090576,,,,,,,,
async_fifo,async,fifo,fd95af3e,mixed_cpu_io,2,0.0,0.5365588665008545,0.5365588665008545,,,,,,,,
async_fifo,async,fifo,34955d8e,io_sleep,3,0.0,0.2975468635559082,0.2975468635559082,,,,,,,,
async_fifo,async,fifo,62132a5b,io_sleep,3,0.0020089149475097656,0.3296780586242676,0.33168697357177734,,,,,,,,
async_fifo,async,fifo,1322bb53,cpu_fibonacci,1,0.0,0.2647879123687744,0.2647879123687744,,,,,,,,
async_fifo,async,fifo,e5336948,cpu_fibonacci,1,0.0,0.0697782039642334,0.0697782039642334,,,,,,,,
async_fifo,async,fifo,93c103fd,io_sleep,3,0.0,0.1471540927886963,0.1471540927886963,,,,,,,,
async_fifo,async,fifo,d7b4884b,memory_numpy,2,0.0020139217376708984,0.05305194854736328,0.05506587028503418,,,,,,,,
async_fifo,async,fifo,15de8e38,memory_numpy,2,0.0,0.0837240219116211,0.0837240219116211,,,,,,,,
async_fifo,async,fifo,eb3eeb1e,memory_numpy,2,0.0,0.06641411781311035,0.06641411781311035,,,,,,,,
async_fifo,async,fifo,a4a9629f,cpu_matrix,1,0.0,0.00892496109008789,0.00892496109008789,,,,,,,,
async_fifo,async,fifo,b9466047,cpu_fibonacci,1,0.01014089584350586,0.24209904670715332,0.2522399425506592,,,,,,,,
async_fifo,async,fifo,08fc6faf,io_sleep,3,0.061517953872680664,0.40767884254455566,0.46919679641723633,,,,,,,,
async_fifo,async,fifo,537ed620,memory_numpy,2,0.030683040618896484,0.29686403274536133,0.3275470733642578,,,,,,,,
async_fifo,async,fifo,4264a642,cpu_fibonacci,1,0.0,0.5585920810699463,0.5585920810699463,,,,,,,,
async_fifo,async,fifo,e287002d,io_file,3,0.0411219596862793,0.46280884742736816,0.5039308071136475,,,,,,,,
async_fifo,async,fifo,f0e747dd,cpu_matrix,1,0.016340017318725586,0.010066986083984375,0.02640700340270996,,,,,,,,
async_fifo,async,fifo,6ff8dece,mixed_cpu_io,2,0.0,0.31721997261047363,0.31721997261047363,,,,,,,,
async_fifo,async,fifo,013831b2,ml_predict,2,0.0,0.008027076721191406,0.008027076721191406,No module named 'sklearn',,,,,,,
async_fifo,async,fifo,a7684870,io_file,3,0.0,0.015625953674316406,0.015625953674316406,,,,,,,,
async_fifo,async,fifo,e80e11ec,ml_predict,2,0.0,0.005736112594604492,0.005736112594604492,No module named 'sklearn',,,,,,,
async_fifo,async,fifo,b5ef9c2d,cpu_fibonacci,1,0.0,0.2533571720123291,0.2533571720123291,,,,,,,,
async_fifo,async,fifo,2cb0cd01,cpu_fibonacci,1,0.0,0.36800694465637207,0.36800694465637207,,,,,,,,
async_fifo,async,fifo,2c64131c,mixed_cpu_io,2,0.010022163391113281,0.6019139289855957,0.611936092376709,,,,,,,,
async_fifo,async,fifo,70142139,io_sleep,3,0.0010030269622802734,0.6549878120422363,0.6559908390045166,,,,,,,,
async_fifo,async,fifo,60fcd8b9,cpu_fibonacci,1,0.0,0.7510550022125244,0.7510550022125244,,,,,,,,
async_fifo,async,fifo,f1d45948,cpu_fibonacci,1,0.010101079940795898,0.8815460205078125,0.8916471004486084,,,,,,,,
async_fifo,async,fifo,5080d127,memory_list,2,0.010030031204223633,0.4606788158416748,0.47070884704589844,,,,,,,,
async_fifo,async,fifo,4c20c5c9,cpu_matrix,1,0.020078182220458984,0.3662128448486328,0.3862910270690918,,,,,,,,
async_fifo,async,fifo,2582406b,mixed_cpu_io,2,0.02033209800720215,0.6455299854278564,0.6658620834350586,,,,,,,,
async_fifo,async,fifo,5bac8b1c,mixed_cpu_io,2,0.029556989669799805,0.7010951042175293,0.7306520938873291,,,,,,,,
async_fifo,async,fifo,fe81d846,io_file,3,0.0019969940185546875,0.014079093933105469,0.016076087951660156,,,,,,,,
async_fifo,async,fifo,3bfbee83,io_sleep,3,0.0,0.1658039093017578,0.1658039093017578,,,,,,,,
async_fifo,async,fifo,c29d3036,cpu_matrix,1,0.009061098098754883,0.14206409454345703,0.15112519264221191,,,,,,,,
async_fifo,async,fifo,31647993,io_sleep,3,0.0,0.6701610088348389,0.6701610088348389,,,,,,,,
async_fifo,async,fifo,604fe77e,io_sleep,3,0.0,0.3660099506378174,0.3660099506378174,,,,,,,,
async_fifo,async,fifo,2dcee756,cpu_fibonacci,1,0.0,0.5103929042816162,0.5103929042816162,,,,,,,,
async_fifo,async,fifo,4b25f9a0,io_sleep,3,0.0,0.5591859817504883,0.5591859817504883,,,,,,,,
async_fifo,async,fifo,039a6762,ml_predict,2,0.0,0.007601022720336914,0.007601022720336914,No module named 'sklearn',,,,,,,
async_fifo,async,fifo,23371836,io_sleep,3,0.0,0.22935104370117188,0.22935104370117188,,,,,,,,
async_fifo,async,fifo,43884e33,io_file,3,0.0,0.009897947311401367,0.009897947311401367,,,,,,,,
async_fifo,async,fifo,038ff3f8,mixed_cpu_io,2,0.0,0.30184483528137207,0.30184483528137207,,,,,,,,
async_fifo,async,fifo,f15f7125,io_sleep,3,0.0,0.31294798851013184,0.31294798851013184,,,,,,,,
async_fifo,async,fifo,ba6cbaf5,cpu_fibonacci,1,0.0,0.10126519203186035,0.10227513313293457,,,,,,,,
async_fifo,async,fifo,e7a280e3,memory_numpy,2,0.03145003318786621,0.048014163970947266,0.07946419715881348,,,,,,,,
async_fifo,async,fifo,202ad0ec,mixed_cpu_io,2,0.0,0.2611842155456543,0.2611842155456543,,,,,,,,
async_fifo,async,fifo,8ebd1065,cpu_fibonacci,1,0.0,0.07021403312683105,0.07021403312683105,,,,,,,,
async_fifo,async,fifo,3f1561ad,io_sleep,3,0.0,0.2746560573577881,0.2746560573577881,,,,,,,,
async_fifo,async,fifo,43a40419,memory_list,2,0.0,0.06979107856750488,0.06979107856750488,,,,,,,,
async_fifo,async,fifo,8055b4f2,io_file,3,0.0,0.11297798156738281,0.11297798156738281,,,,,,,,
async_fifo,async,fifo,03ba60a4,cpu_fibonacci,1,0.0,0.15602397918701172,0.15602397918701172,,,,,,,,
async_fifo,async,fifo,e754c43d,mixed_cpu_io,2,0.0,0.297565221786499,0.297565221786499,,,,,,,,
async_fifo,async,fifo,bf583f94,io_sleep,3,0.0,0.27167201042175293,0.27167201042175293,,,,,,,,
async_fifo,async,fifo,5783baef,cpu_matrix,1,0.0,0.012163162231445312,0.012163162231445312,,,,,,,,
async_fifo,async,fifo,90dbf35f,memory_numpy,2,0.0,0.03075695037841797,0.03075695037841797,,,,,,,,
async_fifo,async,fifo,c4847e76,cpu_matrix,1,0.0,0.010067939758300781,0.010067939758300781,,,,,,,,
async_fifo,async,fifo,27b694a9,ml_predict,2,0.0,0.0,0.0,No module named 'sklearn',,,,,,,
async_fifo,async,fifo,19f5986a,mixed_cpu_io,2,0.0,0.3007810115814209,0.3007810115814209,,,,,,,,
async_fifo,async,fifo,d7d47995,cpu_fibonacci,1,0.0,0.06843209266662598,0.06843209266662598,,,,,,,,
async_fifo,async,fifo,2980313b,memory_numpy,2,0.009734869003295898,0.07291293144226074,0.08264780044555664,,,,,,,,
async_fifo,async,fifo,4b70bfd8,io_file,3,0.0021140575408935547,0.027432918548583984,0.02954697608947754,,,,,,,,
async_fifo,async,fifo,58e1485c,cpu_fibonacci,1,0.0,0.09651708602905273,0.09651708602905273,,,,,,,,
async_fifo,async,fifo,6fc482fb,ml_predict,2,0.0,0.007222175598144531,0.007222175598144531,No module named 'sklearn',,,,,,,
async_fifo,async,fifo,7cfd67da,ml_predict,2,0.0,0.004118204116821289,0.004118204116821289,No module named 'sklearn',,,,,,,
async_fifo,async,fifo,94e3052a,cpu_matrix,1,0.0,0.010782003402709961,0.010782003402709961,,,,,,,,
async_fifo,async,fifo,8deafb3b,io_sleep,3,0.0,0.3900611400604248,0.3900611400604248,,,,,,,,
async_fifo,async,fifo,9aa38d4d,memory_numpy,2,0.0,0.031068086624145508,0.031068086624145508,,,,,,,,
async_fifo,async,fifo,19df253c,mixed_cpu_io,2,0.0,0.26268601417541504,0.26268601417541504,,,,,,,,
async_fifo,async,fifo,04ee5f9c,io_sleep,3,0.0,0.3087589740753174,0.3087589740753174,,,,,,,,
async_fifo,async,fifo,cb21cfe6,cpu_fibonacci,1,0.03168296813964844,0.6017200946807861,0.6334030628204346,,,,,,,,
async_fifo,async,fifo,bef97e67,io_sleep,3,0.020077943801879883,0.9346330165863037,0.9547109603881836,,,,,,,,
async_fifo,async,fifo,9927efbf,cpu_fibonacci,1,0.0,1.2032759189605713,1.2032759189605713,,,,,,,,
async_fifo,async,fifo,1c1e23ed,memory_numpy,2,0.01757502555847168,0.5153889656066895,0.5329639911651611,,,,,,,,
async_fifo,async,fifo,36f2ef3c,cpu_fibonacci,1,0.010031938552856445,1.2957282066345215,1.305760145187378,,,,,,,,
async_fifo,async,fifo,ed78bbf2,ml_predict,2,0.0,0.7825579643249512,0.7825579643249512,No module named 'sklearn',,,,,,,
async_fifo,async,fifo,965f63d9,mixed_cpu_io,2,0.009550809860229492,0.6568930149078369,0.6664438247680664,,,,,,,,
async_fifo,async,fifo,20be8d36,mixed_cpu_io,2,0.008111953735351562,0.7758650779724121,0.7839770317077637,,,,,,,,
async_fifo,async,fifo,eed2ef03,io_file,3,0.0,0.010780811309814453,0.010780811309814453,,,,,,,,
async_fifo,async,fifo,8a624c72,ml_predict,2,0.0,0.01114201545715332,0.01114201545715332,No module named 'sklearn',,,,,,,
async_fifo,async,fifo,a6112743,ml_predict,2,0.0,0.01031804084777832,0.01031804084777832,No module named 'sklearn',,,,,,,
async_fifo,async,fifo,3173d99c,io_sleep,3,0.0,0.2933828830718994,0.2933828830718994,,,,,,,,
async_fifo,async,fifo,64371f8e,io_file,3,0.0,0.012986898422241211,0.012986898422241211,,,,,,,,
async_fifo,async,fifo,2c4d5467,mixed_cpu_io,2,0.0,0.3681340217590332,0.3681340217590332,,,,,,,,
async_fifo,async,fifo,fcd2b366,io_sleep,3,0.0,0.17013287544250488,0.17013287544250488,,,,,,,,
async_fifo,async,fifo,fe9e1605,io_sleep,3,0.01975393295288086,0.4361860752105713,0.45594000816345215,,,,,,,,
async_fifo,async,fifo,6798d747,io_sleep,3,0.0,0.4586629867553711,0.4586629867553711,,,,,,,,
async_fifo,async,fifo,33b56c9d,cpu_matrix,1,0.0,0.008002042770385742,0.008002042770385742,,,,,,,,
async_fifo,async,fifo,e56cb329,mixed_cpu_io,2,0.000990152359008789,0.29398083686828613,0.2949709892272949,,,,,,,,
async_fifo,async,fifo,e7008426,memory_numpy,2,0.0,0.062098026275634766,0.062098026275634766,,,,,,,,
async_fifo,async,fifo,fb058343,cpu_matrix,1,0.0,0.00699615478515625,0.00699615478515625,,,,,,,,
async_fifo,async,fifo,e6f1bb2f,memory_numpy,2,0.0,0.0815439224243164,0.0815439224243164,,,,,,,,
async_fifo,async,fifo,e3b7dc85,cpu_fibonacci,1,0.0,0.09973597526550293,0.09973597526550293,,,,,,,,
async_fifo,async,fifo,b1f7f955,memory_numpy,2,0.020292997360229492,0.19272899627685547,0.21302199363708496,,,,,,,,
async_fifo,async,fifo,423cc205,cpu_fibonacci,1,0.0,0.47544407844543457,0.47544407844543457,,,,,,,,
async_fifo,async,fifo,dd877ccd,cpu_matrix,1,0.0,0.015147924423217773,0.015147924423217773,,,,,,,,
async_fifo,async,fifo,0049bed9,memory_list,2,0.0,0.12180399894714355,0.12180399894714355,,,,,,,,
async_fifo,async,fifo,a6de535d,cpu_fibonacci,1,0.0,0.11372804641723633,0.11372804641723633,,,,,,,,
async_fifo,async,fifo,f99df7df,io_sleep,3,0.0,0.4392280578613281,0.4392280578613281,,,,,,,,
async_fifo,async,fifo,14a8e3d1,cpu_matrix,1,0.016102075576782227,0.21696090698242188,0.2330629825592041,,,,,,,,
async_fifo,async,fifo,cb7191f7,cpu_fibonacci,1,0.0,0.5100259780883789,0.5100259780883789,,,,,,,,
async_fifo,async,fifo,53743624,memory_numpy,2,0.010106086730957031,0.10192298889160156,0.1120290756225586,,,,,,,,
async_fifo,async,fifo,f4bc46ed,memory_list,2,0.0,0.15061187744140625,0.15061187744140625,,,,,,,,
async_fifo,async,fifo,3c355f5b,memory_numpy,2,0.036605119705200195,0.10046005249023438,0.13706517219543457,,,,,,,,
async_fifo,async,fifo,921452e7,cpu_matrix,1,0.0,0.01025700569152832,0.01025700569152832,,,,,,,,
async_fifo,async,fifo,c5a5fd8b,io_file,3,0.0,0.013196945190429688,0.013196945190429688,,,,,,,,
async_fifo,async,fifo,f7c040ff,memory_list,2,0.0,0.11453104019165039,0.11453104019165039,,,,,,,,
async_fifo,async,fifo,573e4852,memory_numpy,2,0.0,0.0716550350189209,0.0716550350189209,,,,,,,,
async_fifo,async,fifo,daf883c1,io_file,3,0.0,0.009357929229736328,0.009357929229736328,,,,,,,,
async_fifo,async,fifo,a7669f92,io_sleep,3,0.006860017776489258,0.18836283683776855,0.1952228546142578,,,,,,,,
async_fifo,async,fifo,06261637,mixed_cpu_io,2,0.005155086517333984,0.4806540012359619,0.4858090877532959,,,,,,,,
async_fifo,async,fifo,c8546339,cpu_fibonacci,1,0.0,0.33725881576538086,0.33725881576538086,,,,,,,,
async_fifo,async,fifo,f07a5484,ml_predict,2,0.02005791664123535,0.03285408020019531,0.052911996841430664,No module named 'sklearn',,,,,,,
async_fifo,async,fifo,116a9a60,ml_predict,2,0.02005791664123535,0.04232215881347656,0.062380075454711914,No module named 'sklearn',,,,,,,
async_fifo,async,fifo,192627d4,memory_list,2,0.0,0.07412004470825195,0.07412004470825195,,,,,,,,
async_fifo,async,fifo,ba64afc9,memory_numpy,2,0.0,0.0577089786529541,0.0577089786529541,,,,,,,,
async_priority,async,priority,0452a374,io_file,3,0.0,0.03150606155395508,0.03150606155395508,,,,,,,,
async_priority,async,priority,879db21d,memory_numpy,2,0.0,0.11011099815368652,0.11011099815368652,,,,,,,,
async_priority,async,priority,05b42af2,memory_numpy,2,0.0,0.11219596862792969,0.11219596862792969,,,,,,,,
async_priority,async,priority,b44c892c,memory_numpy,2,0.0,0.12229299545288086,0.12229299545288086,,,,,,,,
async_priority,async,priority,07a8ddb9,io_file,3,0.010246992111206055,0.1104440689086914,0.12069106101989746,,,,,,,,
async_priority,async,priority,64c3b250,io_file,3,0.0,0.010487794876098633,0.010487794876098633,,,,,,,,
async_priority,async,priority,f11e08c7,mixed_cpu_io,2,0.0,0.31668901443481445,0.31668901443481445,,,,,,,,
async_priority,async,priority,d9dcc5d5,io_file,3,0.0,0.010342836380004883,0.010342836380004883,,,,,,,,
async_priority,async,priority,0cf4928b,ml_predict,2,0.0,0.008460044860839844,0.008460044860839844,No module named 'sklearn',,,,,,,
async_priority,async,priority,660658cb,memory_list,2,0.017434120178222656,0.24751877784729004,0.2649528980255127,,,,,,,,
async_priority,async,priority,4bf447ba,mixed_cpu_io,2,0.0,0.5251219272613525,0.5251219272613525,,,,,,,,
async_priority,async,priority,c1879095,ml_predict,2,0.0,0.0,0.0,No module named 'sklearn',,,,,,,
async_priority,async,priority,207a785b,memory_numpy,2,0.0,0.07680606842041016,0.07680606842041016,,,,,,,,
async_priority,async,priority,94c343c6,cpu_fibonacci,1,0.0,1.2899739742279053,1.2899739742279053,,,,,,,,
async_priority,async,priority,5c32214f,memory_list,2,0.020383119583129883,0.6491580009460449,0.6695411205291748,,,,,,,,
async_priority,async,priority,6f9e3658,cpu_fibonacci,1,0.030606985092163086,1.2504909038543701,1.2810978889465332,,,,,,,,
async_priority,async,priority,20932847,cpu_fibonacci,1,0.0,1.6815290451049805,1.6815290451049805,,,,,,,,
async_priority,async,priority,a3545327,cpu_fibonacci,1,0.0,0.5896182060241699,0.5896182060241699,,,,,,,,
async_priority,async,priority,15ba7567,cpu_fibonacci,1,0.010306835174560547,0.537682056427002,0.5479888916015625,,,,,,,,
async_priority,async,priority,eab77c93,cpu_matrix,1,0.009565114974975586,0.5124549865722656,0.5220201015472412,,,,,,,,
async_priority,async,priority,412ea9b9,io_sleep,3,0.0,0.1608271598815918,0.1608271598815918,,,,,,,,
async_priority,async,priority,5945a321,memory_list,2,0.0,0.07045292854309082,0.07045292854309082,,,,,,,,
async_priority,async,priority,782684b1,cpu_fibonacci,1,0.0,0.13272595405578613,0.13272595405578613,,,,,,,,
async_priority,async,priority,90aacaaf,ml_predict,2,0.0,0.009063959121704102,0.009063959121704102,No module named 'sklearn',,,,,,,
async_priority,async,priority,6e5616fe,io_sleep,3,0.0,0.4734809398651123,0.4734809398651123,,,,,,,,
async_priority,async,priority,07ce765b,io_file,3,0.0,0.010380983352661133,0.010380983352661133,,,,,,,,
async_priority,async,priority,eea6c62a,io_sleep,3,0.0,0.430880069732666,0.430880069732666,,,,,,,,
async_priority,async,priority,8bf0418c,io_sleep,3,0.0,0.3380448818206787,0.3380448818206787,,,,,,,,
async_priority,async,priority,af7cd3ea,cpu_matrix,1,0.0,0.0,0.0,,,,,,,,
async_priority,async,priority,54f8e293,cpu_fibonacci,1,0.0,0.1113131046295166,0.1113131046295166,,,,,,,,
async_priority,async,priority,0c333afc,io_sleep,3,0.003957033157348633,0.17183208465576172,0.17578911781311035,,,,,,,,
async_priority,async,priority,83f85c01,memory_numpy,2,0.0,0.14047503471374512,0.14047503471374512,,,,,,,,
async_priority,async,priority,0c35a00f,io_sleep,3,0.0,0.32358288764953613,0.32358288764953613,,,,,,,,
async_priority,async,priority,56b509c7,cpu_matrix,1,0.010430097579956055,0.21178197860717773,0.2222120761871338,,,,,,,,
async_priority,async,priority,151a306a,cpu_fibonacci,1,0.0,0.28969693183898926,0.28969693183898926,,,,,,,,
async_priority,async,priority,2735f0d3,io_sleep,3,0.0,0.5582089424133301,0.5582089424133301,,,,,,,,
async_priority,async,priority,01d68682,cpu_fibonacci,1,0.0,0.20409679412841797,0.20409679412841797,,,,,,,,
async_priority,async,priority,bc9d4c82,io_file,3,0.0,0.023367881774902344,0.023367881774902344,,,,,,,,
async_priority,async,priority,f163a889,cpu_fibonacci,1,0.0,0.5690021514892578,0.5690021514892578,,,,,,,,
async_priority,async,priority,429e0c81,cpu_fibonacci,1,0.0,0.1402900218963623,0.1402900218963623,,,,,,,,
async_priority,async,priority,6d7f453b,cpu_matrix,1,0.0,0.010406970977783203,0.010406970977783203,,,,,,,,
async_priority,async,priority,e6303fd8,mixed_cpu_io,2,0.0,0.43129801750183105,0.43129801750183105,,,,,,,,
async_priority,async,priority,6a4a0029,mixed_cpu_io,2,0.0,0.44089388847351074,0.44089388847351074,,,,,,,,
async_priority,async,priority,6b6ed2ef,memory_list,2,0.0,0.3868980407714844,0.3868980407714844,,,,,,,,
async_priority,async,priority,40819931,cpu_fibonacci,1,0.03135514259338379,0.2754349708557129,0.3067901134490967,,,,,,,,
async_priority,async,priority,d36d697e,cpu_fibonacci,1,0.0,0.8991589546203613,0.8991589546203613,,,,,,,,
async_priority,async,priority,39b221a6,cpu_fibonacci,1,0.020360946655273438,0.43520307540893555,0.455564022064209,,,,,,,,
async_priority,async,priority,7015b5dd,ml_predict,2,0.01229715347290039,0.33531904220581055,0.34761619567871094,No module named 'sklearn',,,,,,,
async_priority,async,priority,8af46049,io_file,3,0.020416975021362305,1.0612030029296875,1.0816199779510498,,,,,,,,
async_priority,async,priority,1bbcc750,memory_numpy,2,0.0,0.06128191947937012,0.06128191947937012,,,,,,,,
async_priority,async,priority,6add1585,io_sleep,3,0.0,0.4492809772491455,0.4492809772491455,,,,,,,,
async_priority,async,priority,e182d6dc,cpu_matrix,1,0.0,0.0,0.0,,,,,,,,
async_priority,async,priority,fa0f85e8,ml_predict,2,0.0,0.0,0.0,No module named 'sklearn',,,,,,,
async_priority,async,priority,25860dc8,cpu_matrix,1,0.0,0.0,0.0,,,,,,,,
async_priority,async,priority,50bc32ce,mixed_cpu_io,2,0.0,0.2932300567626953,0.2932300567626953,,,,,,,,
async_priority,async,priority,d351fb27,io_sleep,3,0.0,0.3770170211791992,0.3770170211791992,,,,,,,,
async_priority,async,priority,a90fc75f,memory_numpy,2,0.0,0.07162284851074219,0.07162284851074219,,,,,,,,
async_priority,async,priority,946a0a69,cpu_fibonacci,1,0.0,0.13201403617858887,0.13201403617858887,,,,,,,,
async_priority,async,priority,9c60c154,memory_numpy,2,0.0,0.050694942474365234,0.050694942474365234,,,,,,,,
async_priority,async,priority,b271cbbd,memory_numpy,2,0.0,0.030579805374145508,0.030579805374145508,,,,,,,,
async_priority,async,priority,695290eb,mixed_cpu_io,2,0.010571956634521484,0.3273470401763916,0.3379189968109131,,,,,,,,
async_priority,async,priority,244c4639,io_sleep,3,0.020521879196166992,0.2552950382232666,0.2758169174194336,,,,,,,,
async_priority,async,priority,dd226286,io_sleep,3,0.0,0.49031805992126465,0.49031805992126465,,,,,,,,
async_priority,async,priority,ea027ae7,cpu_fibonacci,1,0.0,0.2455461025238037,0.2455461025238037,,,,,,,,
async_priority,async,priority,f5319091,io_sleep,3,0.0,0.3712728023529053,0.3712728023529053,,,,,,,,
async_priority,async,priority,b5ecb998,io_sleep,3,0.0,0.2531321048736572,0.2531321048736572,,,,,,,,
async_priority,async,priority,39244d8b,cpu_fibonacci,1,0.0,0.05138897895812988,0.05138897895812988,,,,,,,,
async_priority,async,priority,e016fb7c,cpu_matrix,1,0.02021312713623047,0.20485782623291016,0.22507095336914062,,,,,,,,
async_priority,async,priority,5520e3d7,cpu_fibonacci,1,0.0,0.40891385078430176,0.40891385078430176,,,,,,,,
async_priority,async,priority,cf0c5ca2,cpu_fibonacci,1,0.002608776092529297,0.41590213775634766,0.41851091384887695,,,,,,,,
async_priority,async,priority,875d732d,cpu_fibonacci,1,0.0,0.5978710651397705,0.5978710651397705,,,,,,,,
async_priority,async,priority,16005e95,ml_predict,2,0.010094165802001953,0.6803760528564453,0.6904702186584473,No module named 'sklearn',,,,,,,
async_priority,async,priority,67bd2f58,cpu_fibonacci,1,0.010065078735351562,0.5213568210601807,0.5314218997955322,,,,,,,,
async_priority,async,priority,a1e27644,memory_numpy,2,0.01045989990234375,0.07122421264648438,0.08168411254882812,,,,,,,,
async_priority,async,priority,6d6aca3c,mixed_cpu_io,2,0.0,0.29995298385620117,0.29995298385620117,,,,,,,,
async_priority,async,priority,4a73d5f4,mixed_cpu_io,2,0.010006904602050781,0.30120110511779785,0.31120800971984863,,,,,,,,
async_priority,async,priority,6b560079,cpu_fibonacci,1,0.0,0.08221888542175293,0.08221888542175293,,,,,,,,
async_priority,async,priority,a660b044,cpu_matrix,1,0.0,0.012296915054321289,0.012296915054321289,,,,,,,,
async_priority,async,priority,b4ec0e15,cpu_matrix,1,0.0,0.011907100677490234,0.011907100677490234,,,,,,,,
async_priority,async,priority,6530ebbd,io_file,3,0.0,0.012171030044555664,0.012171030044555664,,,,,,,,
async_priority,async,priority,7f524e74,io_sleep,3,0.0,0.29317212104797363,0.29317212104797363,,,,,,,,
async_priority,async,priority,a73723d1,io_sleep,3,0.0,0.3200240135192871,0.3200240135192871,,,,,,,,
async_priority,async,priority,87ba55b1,memory_list,2,0.0,0.051258087158203125,0.051258087158203125,,,,,,,,
async_priority,async,priority,6f59f7b9,mixed_cpu_io,2,0.0,0.5024099349975586,0.5024099349975586,,,,,,,,
async_priority,async,priority,8a035265,cpu_fibonacci,1,0.02067708969116211,0.2309110164642334,0.2515881061553955,,,,,,,,
async_priority,async,priority,becd72f1,cpu_fibonacci,1,0.0,0.35832810401916504,0.35832810401916504,,,,,,,,
async_priority,async,priority,be05d233,io_sleep,3,0.0,0.4062519073486328,0.4062519073486328,,,,,,,,
async_priority,async,priority,79b7763b,io_sleep,3,0.02083301544189453,0.5103981494903564,0.531231164932251,,,,,,,,
async_priority,async,priority,60f24dd2,cpu_fibonacci,1,0.0,0.4974329471588135,0.4974329471588135,,,,,,,,
async_priority,async,priority,b812a166,cpu_matrix,1,0.0,0.01059103012084961,0.01059103012084961,,,,,,,,
async_priority,async,priority,8c3351bb,cpu_fibonacci,1,0.0,0.13376593589782715,0.13376593589782715,,,,,,,,
async_priority,async,priority,91e40724,io_file,3,0.0,0.1705000400543213,0.1705000400543213,,,,,,,,
async_priority,async,priority,14fd46ea,io_file,3,0.0,0.020055055618286133,0.020055055618286133,,,,,,,,
async_priority,async,priority,16659ec3,memory_numpy,2,0.0,0.050527095794677734,0.050527095794677734,,,,,,,,
async_priority,async,priority,63cda371,cpu_matrix,1,0.0,0.1637110710144043,0.1637110710144043,,,,,,,,
async_priority,async,priority,c8827377,mixed_cpu_io,2,0.0,0.4882698059082031,0.4882698059082031,,,,,,,,
async_priority,async,priority,13a98368,cpu_fibonacci,1,0.0,0.4798729419708252,0.4798729419708252,,,,,,,,
async_priority,async,priority,e7534c3a,io_file,3,0.0,0.010082006454467773,0.010082006454467773,,,,,,,,
async_priority,async,priority,3f329d3c,memory_numpy,2,0.0,0.05157899856567383,0.05157899856567383,,,,,,,,
async_priority,async,priority,9fa0391e,io_file,3,0.0,0.13944005966186523,0.13944005966186523,,,,,,,,
async_priority,async,priority,87a9b8e2,io_file,3,0.0,0.022990942001342773,0.022990942001342773,,,,,,,,
async_priority,async,priority,b2284088,mixed_cpu_io,2,0.0,0.32506489753723145,0.32506489753723145,,,,,,,,
async_priority,async,priority,089ab213,cpu_matrix,1,0.0,0.0,0.0,,,,,,,,
async_priority,async,priority,ab678812,cpu_matrix,1,0.0,0.0,0.0,,,,,,,,
async_priority,async,priority,b2221e6c,io_sleep,3,0.002012968063354492,0.38878607749938965,0.39079904556274414,,,,,,,,
async_priority,async,priority,19f8e464,io_sleep,3,0.0,0.14358210563659668,0.14358210563659668,,,,,,,,
async_priority,async,priority,353aef93,io_sleep,3,0.0,0.2627382278442383,0.2627382278442383,,,,,,,,
async_priority,async,priority,8d155f74,memory_list,2,0.0,0.28519511222839355,0.28519511222839355,,,,,,,,
async_priority,async,priority,1b5ee9f3,mixed_cpu_io,2,0.02029895782470703,0.5425601005554199,0.562859058380127,,,,,,,,
async_priority,async,priority,afe7af6d,cpu_fibonacci,1,0.0,0.6859049797058105,0.6859049797058105,,,,,,,,
async_priority,async,priority,1fe265d4,io_file,3,0.030984878540039062,0.48151516914367676,0.5125000476837158,,,,,,,,
async_priority,async,priority,f537713c,io_sleep,3,0.0,0.48282909393310547,0.48282909393310547,,,,,,,,
async_priority,async,priority,775b10e6,ml_predict,2,0.0,0.0,0.0,No module named 'sklearn',,,,,,,
async_priority,async,priority,fd34292b,io_file,3,0.0,0.012738943099975586,0.012738943099975586,,,,,,,,
async_priority,async,priority,6fa1bf07,cpu_fibonacci,1,0.0,0.7250919342041016,0.7250919342041016,,,,,,,,
async_priority,async,priority,90978c00,memory_numpy,2,0.0,0.37909793853759766,0.37909793853759766,,,,,,,,
async_priority,async,priority,02c8654f,mixed_cpu_io,2,0.0,0.8414161205291748,0.8414161205291748,,,,,,,,
async_priority,async,priority,feac5eec,cpu_fibonacci,1,0.0,1.054746150970459,1.054746150970459,,,,,,,,
async_priority,async,priority,6d2e569d,memory_list,2,0.009322881698608398,0.2773420810699463,0.2866649627685547,,,,,,,,
async_priority,async,priority,df163eb1,mixed_cpu_io,2,0.019381046295166016,0.6019599437713623,0.6213409900665283,,,,,,,,
async_priority,async,priority,1365c68b,memory_numpy,2,0.01219320297241211,0.05679798126220703,0.06899118423461914,,,,,,,,
async_priority,async,priority,13654194,mixed_cpu_io,2,0.0,0.3456900119781494,0.3456900119781494,,,,,,,,
async_priority,async,priority,0768ce98,cpu_fibonacci,1,0.0,0.12372016906738281,0.12372016906738281,,,,,,,,
async_priority,async,priority,e1e1f36c,mixed_cpu_io,2,0.0,0.2806229591369629,0.2806229591369629,,,,,,,,
async_priority,async,priority,73dbfacb,io_file,3,0.013530969619750977,0.0405430793762207,0.05407404899597168,,,,,,,,
async_priority,async,priority,0b17cb7c,mixed_cpu_io,2,0.0,0.39759182929992676,0.39759182929992676,,,,,,,,
async_priority,async,priority,bdfc4800,mixed_cpu_io,2,0.0,0.4165170192718506,0.4165170192718506,,,,,,,,
async_priority,async,priority,58a6d99f,io_sleep,3,0.0,0.3230748176574707,0.3230748176574707,,,,,,,,
async_priority,async,priority,22dd68db,cpu_matrix,1,0.0,0.00952601432800293,0.00952601432800293,,,,,,,,
async_priority,async,priority,eb648280,io_sleep,3,0.0,0.27605319023132324,0.27605319023132324,,,,,,,,
async_priority,async,priority,248b5506,ml_predict,2,0.0,0.007919073104858398,0.007919073104858398,No module named 'sklearn',,,,,,,
async_priority,async,priority,c8ac70e2,cpu_fibonacci,1,0.0,0.19173598289489746,0.19173598289489746,,,,,,,,
async_priority,async,priority,7016af62,mixed_cpu_io,2,0.0,0.32751989364624023,0.32751989364624023,,,,,,,,
async_priority,async,priority,bf0f35eb,ml_predict,2,0.0,0.010469913482666016,0.010469913482666016,No module named 'sklearn',,,,,,,
async_priority,async,priority,32063600,mixed_cpu_io,2,0.0,0.27930402755737305,0.27930402755737305,,,,,,,,
async_priority,async,priority,1cb29750,io_file,3,0.0,0.014202117919921875,0.014202117919921875,,,,,,,,
async_priority,async,priority,61590406,memory_list,2,0.0,0.10212016105651855,0.10212016105651855,,,,,,,,
async_priority,async,priority,6f6c9d58,mixed_cpu_io,2,0.0,0.3152651786804199,0.3152651786804199,,,,,,,,
async_priority,async,priority,e099fbdb,cpu_fibonacci,1,0.0,0.1422739028930664,0.1422739028930664,,,,,,,,
async_priority,async,priority,cefe00e2,mixed_cpu_io,2,0.0,0.27809691429138184,0.27809691429138184,,,,,,,,
async_priority,async,priority,b27bbe52,memory_numpy,2,0.0,0.08310794830322266,0.08310794830322266,,,,,,,,
async_priority,async,priority,afcd96b8,io_file,3,0.0,0.010277032852172852,0.010277032852172852,,,,,,,,
async_priority,async,priority,f35ad00a,io_sleep,3,0.0,0.5071620941162109,0.5071620941162109,,,,,,,,
async_priority,async,priority,3127f5b8,cpu_matrix,1,0.0,0.020753145217895508,0.020753145217895508,,,,,,,,
async_priority,async,priority,826206a3,ml_predict,2,0.0,0.010316133499145508,0.010316133499145508,No module named 'sklearn',,,,,,,
async_priority,async,priority,e5fc8b2c,cpu_matrix,1,0.0,0.07080912590026855,0.07080912590026855,,,,,,,,
async_priority,async,priority,82e5ccf4,cpu_fibonacci,1,0.0020101070404052734,0.20198798179626465,0.20399808883666992,,,,,,,,
async_priority,async,priority,c232d248,io_sleep,3,0.0,0.31182408332824707,0.31182408332824707,,,,,,,,
async_priority,async,priority,f8bdf89a,cpu_matrix,1,0.0,0.0,0.0,,,,,,,,
async_priority,async,priority,cdeb4895,cpu_matrix,1,0.0,0.010020971298217773,0.010020971298217773,,,,,,,,
async_priority,async,priority,5d001aaa,io_file,3,0.0,0.02020406723022461,0.02020406723022461,,,,,,,,
async_priority,async,priority,7b9e7bb8,io_sleep,3,0.0,0.30347490310668945,0.30347490310668945,,,,,,,,
async_priority,async,priority,9cb188b4,io_sleep,3,0.0,0.2983889579772949,0.2983889579772949,,,,,,,,
async_priority,async,priority,9bda9428,io_sleep,3,0.0,0.4477810859680176,0.4477810859680176,,,,,,,,
async_priority,async,priority,f4dcbdfc,cpu_fibonacci,1,0.0,0.632066011428833,0.632066011428833,,,,,,,,
async_priority,async,priority,0f0d3d26,memory_list,2,0.0,0.4176218509674072,0.4176218509674072,,,,,,,,
async_priority,async,priority,82634632,cpu_fibonacci,1,0.02051711082458496,0.3365969657897949,0.3571140766143799,,,,,,,,
async_priority,async,priority,b18f6054,cpu_fibonacci,1,0.0,0.3161160945892334,0.3161160945892334,,,,,,,,
async_priority,async,priority,dd3b8116,mixed_cpu_io,2,0.020305871963500977,0.3330039978027344,0.35330986976623535,,,,,,,,
async_priority,async,priority,b7544133,cpu_fibonacci,1,0.0,0.07289791107177734,0.07289791107177734,,,,,,,,
async_priority,async,priority,cf5b3a54,io_file,3,0.0,0.010126829147338867,0.010126829147338867,,,,,,,,
async_priority,async,priority,05386955,cpu_matrix,1,0.0,0.12185096740722656,0.12185096740722656,,,,,,,,
async_priority,async,priority,af03f9cf,cpu_fibonacci,1,0.0,0.5088667869567871,0.5088667869567871,,,,,,,,
async_priority,async,priority,d367801e,cpu_fibonacci,1,0.0,0.3365800380706787,0.3365800380706787,,,,,,,,
async_priority,async,priority,f5cb5aa1,memory_numpy,2,0.030983924865722656,0.21447515487670898,0.24545907974243164,,,,,,,,
async_priority,async,priority,b31b2f07,io_file,3,0.030983924865722656,0.2449171543121338,0.27590107917785645,,,,,,,,
async_priority,async,priority,cda710e6,ml_predict,2,0.0,0.010046958923339844,0.010046958923339844,No module named 'sklearn',,,,,,,
async_priority,async,priority,772f2275,ml_predict,2,0.0,0.010042905807495117,0.010042905807495117,No module named 'sklearn',,,,,,,
async_priority,async,priority,9d5fabda,io_sleep,3,0.0,0.554419994354248,0.554419994354248,,,,,,,,
async_priority,async,priority,6eb8f33a,mixed_cpu_io,2,0.0,0.5264220237731934,0.5264220237731934,,,,,,,,
async_priority,async,priority,da798cd1,mixed_cpu_io,2,0.0,0.548346996307373,0.548346996307373,,,,,,,,
async_priority,async,priority,4e0400b0,mixed_cpu_io,2,0.0,0.5112838745117188,0.5112838745117188,,,,,,,,
async_priority,async,priority,7e74ab9e,cpu_fibonacci,1,0.0,0.08141803741455078,0.08141803741455078,,,,,,,,
async_priority,async,priority,ca734981,memory_numpy,2,0.0,0.05472898483276367,0.05472898483276367,,,,,,,,
async_priority,async,priority,38c84057,io_file,3,0.0,0.018439054489135742,0.018439054489135742,,,,,,,,
async_priority,async,priority,3fffe219,memory_list,2,0.0,0.27887606620788574,0.27887606620788574,,,,,,,,
async_priority,async,priority,595eb1cc,io_file,3,0.01031494140625,0.1477360725402832,0.1580510139465332,,,,,,,,
async_priority,async,priority,bc2e00ab,io_file,3,0.0,0.15926003456115723,0.15926003456115723,,,,,,,,
async_priority,async,priority,ba70b1b3,cpu_fibonacci,1,0.0,0.20081806182861328,0.20081806182861328,,,,,,,,
async_priority,async,priority,8d8cfa4e,cpu_fibonacci,1,0.02013683319091797,0.27745604515075684,0.2975928783416748,,,,,,,,
async_priority,async,priority,b5aa4456,io_file,3,0.019821882247924805,0.3432440757751465,0.3630659580230713,,,,,,,,
async_priority,async,priority,f8a86604,io_sleep,3,0.0,0.2766098976135254,0.2766098976135254,,,,,,,,
async_priority,async,priority,e01e5ede,io_sleep,3,0.0,0.49098706245422363,0.49098706245422363,,,,,,,,
async_priority,async,priority,c80cd926,memory_numpy,2,0.0,0.08532500267028809,0.08532500267028809,,,,,,,,
async_priority,async,priority,aadbd64a,cpu_matrix,1,0.0,0.008036136627197266,0.008036136627197266,,,,,,,,
async_priority,async,priority,7e338e78,memory_numpy,2,0.011096954345703125,0.13887500762939453,0.14997196197509766,,,,,,,,
async_priority,async,priority,67488e7c,ml_predict,2,0.0,0.009614944458007812,0.009614944458007812,No module named 'sklearn',,,,,,,
async_priority,async,priority,66e2a966,io_sleep,3,0.0,0.38573694229125977,0.38573694229125977,,,,,,,,
async_priority,async,priority,2bd94f51,io_sleep,3,0.010413885116577148,0.6416840553283691,0.6520979404449463,,,,,,,,
async_priority,async,priority,c19e11cd,cpu_fibonacci,1,0.0,0.762840986251831,0.762840986251831,,,,,,,,
async_priority,async,priority,cd655a51,io_sleep,3,0.01040196418762207,0.2776000499725342,0.28800201416015625,,,,,,,,
async_priority,async,priority,ed569335,io_sleep,3,0.01991105079650879,0.4291999340057373,0.4491109848022461,,,,,,,,
async_priority,async,priority,0b795b00,io_file,3,0.0,0.8118369579315186,0.8118369579315186,,,,,,,,
async_priority,async,priority,0b2c4a14,io_sleep,3,0.0100250244140625,0.5173928737640381,0.5274178981781006,,,,,,,,
async_priority,async,priority,0f86b3c5,memory_numpy,2,0.0,0.11975908279418945,0.11975908279418945,,,,,,,,
async_priority,async,priority,6b64a96c,ml_predict,2,0.0,0.008025169372558594,0.008025169372558594,No module named 'sklearn',,,,,,,
async_priority,async,priority,dd8f06fc,mixed_cpu_io,2,0.0,0.7010018825531006,0.7010018825531006,,,,,,,,
async_priority,async,priority,40484432,cpu_fibonacci,1,0.0,0.36145806312561035,0.36145806312561035,,,,,,,,
async_priority,async,priority,dbc61e3a,io_sleep,3,0.0196530818939209,0.4131300449371338,0.4327831268310547,,,,,,,,
async_priority,async,priority,ba2dbe08,cpu_matrix,1,0.0,0.020460128784179688,0.020460128784179688,,,,,,,,
async_priority,async,priority,6c944b29,mixed_cpu_io,2,0.010422945022583008,0.7493700981140137,0.7597930431365967,,,,,,,,
async_priority,async,priority,f0581c19,memory_numpy,2,0.020457983016967773,0.19163012504577637,0.21208810806274414,,,,,,,,
async_priority,async,priority,f3f25271,cpu_fibonacci,1,0.0,0.7328541278839111,0.7328541278839111,,,,,,,,
async_priority,async,priority,5f2eabbb,memory_numpy,2,0.0,0.08029389381408691,0.08029389381408691,,,,,,,,
async_priority,async,priority,18aabbe1,io_sleep,3,0.020382165908813477,0.5081570148468018,0.5285391807556152,,,,,,,,
async_priority,async,priority,122424b9,cpu_fibonacci,1,0.0,0.09163379669189453,0.09163379669189453,,,,,,,,
async_priority,async,priority,45283f2e,io_sleep,3,0.0,0.20148015022277832,0.20148015022277832,,,,,,,,
async_priority,async,priority,e0eca15e,memory_list,2,0.0,0.18326306343078613,0.18326306343078613,,,,,,,,
async_priority,async,priority,db0756bd,ml_predict,2,0.002012014389038086,0.0060231685638427734,0.00803518295288086,No module named 'sklearn',,,,,,,
async_priority,async,priority,ce615a79,io_file,3,0.0,0.02355504035949707,0.02355504035949707,,,,,,,,
async_priority,async,priority,12fcf6df,ml_predict,2,0.0,0.0,0.0,No module named 'sklearn',,,,,,,
async_priority,async,priority,f558f9c5,io_sleep,3,0.0,0.3752100467681885,0.3752100467681885,,,,,,,,
async_priority,async,priority,852267f4,cpu_fibonacci,1,0.0,0.363847017288208,0.363847017288208,,,,,,,,
async_priority,async,priority,05a46819,memory_list,2,0.02067708969116211,0.2796969413757324,0.30037403106689453,,,,,,,,
async_priority,async,priority,0fc4b76f,cpu_matrix,1,0.0,0.010114192962646484,0.010114192962646484,,,,,,,,
async_priority,async,priority,543f96cd,cpu_matrix,1,0.0,0.010354995727539062,0.010354995727539062,,,,,,,,
async_priority,async,priority,1db45ad9,mixed_cpu_io,2,0.0,0.29592180252075195,0.29592180252075195,,,,,,,,
async_priority,async,priority,1329baa8,io_file,3,0.0,0.01335000991821289,0.01335000991821289,,,,,,,,
async_priority,async,priority,7649b401,memory_numpy,2,0.0,0.05178213119506836,0.05178213119506836,,,,,,,,
async_priority,async,priority,a66bb689,memory_numpy,2,0.0,0.09150195121765137,0.09150195121765137,,,,,,,,
async_priority,async,priority,795a7eec,memory_numpy,2,0.0,0.08717107772827148,0.08717107772827148,,,,,,,,
async_priority,async,priority,646888a8,memory_list,2,0.0,0.2415621280670166,0.2415621280670166,,,,,,,,
async_priority,async,priority,40b8c802,io_sleep,3,0.020354032516479492,0.2759101390838623,0.2962641716003418,,,,,,,,
async_priority,async,priority,5e2cba92,ml_predict,2,0.0,0.010506153106689453,0.010506153106689453,No module named 'sklearn',,,,,,,
async_priority,async,priority,7ba12fb4,io_sleep,3,0.0,0.4935579299926758,0.4935579299926758,,,,,,,,
async_priority,async,priority,a458279b,io_sleep,3,0.0,0.4657609462738037,0.4657609462738037,,,,,,,,
async_priority,async,priority,6dd1e936,cpu_matrix,1,0.0,0.014047861099243164,0.014047861099243164,,,,,,,,
async_priority,async,priority,ec36ec33,io_sleep,3,0.0,0.21135401725769043,0.21135401725769043,,,,,,,,
async_priority,async,priority,a10fc589,mixed_cpu_io,2,0.0,0.3503880500793457,0.3503880500793457,,,,,,,,
async_priority,async,priority,ef85da70,io_file,3,0.002441883087158203,0.00796818733215332,0.010410070419311523,,,,,,,,
async_priority,async,priority,96e6903f,cpu_matrix,1,0.0,0.01023411750793457,0.01023411750793457,,,,,,,,
async_priority,async,priority,5092d3d0,cpu_matrix,1,0.0,0.010293006896972656,0.010293006896972656,,,,,,,,
async_priority,async,priority,52d669de,cpu_fibonacci,1,0.0,0.3619499206542969,0.3619499206542969,,,,,,,,
async_priority,async,priority,b492c0d3,io_file,3,0.002009868621826172,0.008193016052246094,0.010202884674072266,,,,,,,,
async_priority,async,priority,b0c042f6,cpu_matrix,1,0.0,0.010313034057617188,0.010313034057617188,,,,,,,,
async_priority,async,priority,c53c0303,io_file,3,0.0,0.062338829040527344,0.062338829040527344,,,,,,,,
async_priority,async,priority,ca463bf9,io_file,3,0.009521007537841797,0.02668309211730957,0.03620409965515137,,,,,,,,
async_priority,async,priority,08627cce,memory_list,2,0.0,0.08119797706604004,0.08119797706604004,,,,,,,,
async_priority,async,priority,96a111e6,io_sleep,3,0.0,0.27022600173950195,0.27022600173950195,,,,,,,,
async_priority,async,priority,3d52492d,io_sleep,3,0.0,0.23236584663391113,0.23236584663391113,,,,,,,,
async_priority,async,priority,e7824128,cpu_matrix,1,0.0,0.01758098602294922,0.01758098602294922,,,,,,,,
async_priority,async,priority,03d15365,cpu_fibonacci,1,0.0070497989654541016,0.2104191780090332,0.2174689769744873,,,,,,,,
async_priority,async,priority,d61c9710,memory_numpy,2,0.0,0.269852876663208,0.269852876663208,,,,,,,,
async_priority,async,priority,c6a6dfe5,memory_numpy,2,0.0,0.24252700805664062,0.24252700805664062,,,,,,,,
baseline_fifo,baseline,fifo,37b70df2,memory_list,2,,0.11379289627075195,0.11379289627075195,,0.11,0.062,0.047,58.0,0.0,50.71,4.26
baseline_fifo,baseline,fifo,c49f02fa,mixed_cpu_io,2,,0.28819704055786133,0.28819704055786133,,0.282,0.031,0.047,11.0,0.0,50.3,-29.32
baseline_fifo,baseline,fifo,2f1a2885,io_file,3,,0.010359048843383789,0.010359048843383789,,0.011,0.016,0.0,18.0,0.0,50.35,0.02
baseline_fifo,baseline,fifo,064d3677,io_sleep,3,,0.39243102073669434,0.39243102073669434,,0.378,0.031,0.0,5.0,0.0,50.32,-0.02
baseline_fifo,baseline,fifo,36de9165,mixed_cpu_io,2,,0.30492305755615234,0.30492305755615234,,0.301,0.109,0.0,34.0,0.0,50.36,0.0
baseline_fifo,baseline,fifo,60f2f6f3,mixed_cpu_io,2,,0.35007500648498535,0.35007500648498535,,0.349,0.156,0.016,79.0,0.0,50.4,0.09
baseline_fifo,baseline,fifo,89bed54c,memory_list,2,,0.0861809253692627,0.0861809253692627,,0.081,0.094,0.0,6.0,0.0,51.13,0.78
baseline_fifo,baseline,fifo,4c2a2d7c,io_sleep,3,,0.3443629741668701,0.3443629741668701,,0.337,0.094,0.0,4.0,0.0,50.42,0.09
baseline_fifo,baseline,fifo,feeaa43b,cpu_matrix,1,,0.0388340950012207,0.0388340950012207,,0.034,0.031,0.016,130.0,0.0,54.95,4.53
baseline_fifo,baseline,fifo,dfc57755,cpu_fibonacci,1,,0.16381621360778809,0.16381621360778809,,0.158,0.109,0.062,50.0,0.0,54.9,0.02
baseline_fifo,baseline,fifo,695a0121,cpu_fibonacci,1,,0.15383410453796387,0.15383410453796387,,0.152,0.109,0.062,42.0,0.0,54.9,0.0
baseline_fifo,baseline,fifo,3f960c50,io_sleep,3,,0.276263952255249,0.276263952255249,,0.272,0.0,0.0,8.0,0.0,54.9,0.03
baseline_fifo,baseline,fifo,214e88eb,cpu_matrix,1,,0.012858867645263672,0.012858867645263672,,0.005,0.0,0.016,11.0,0.0,55.06,0.16
baseline_fifo,baseline,fifo,3b32ef3e,io_sleep,3,,0.40015101432800293,0.40015101432800293,,0.392,0.016,0.031,9.0,0.0,55.45,0.55
baseline_fifo,baseline,fifo,c4296eb4,memory_numpy,2,,0.08277177810668945,0.08277177810668945,,0.078,0.109,0.016,45.0,0.0,55.65,0.1
baseline_fifo,baseline,fifo,3f8d00ad,cpu_fibonacci,1,,0.3923318386077881,0.3923318386077881,,0.388,0.391,0.031,107.0,0.0,55.63,0.15
baseline_fifo,baseline,fifo,0d70d589,io_sleep,3,,0.4652578830718994,0.4652578830718994,,0.467,0.422,0.031,120.0,0.0,55.63,0.18
baseline_fifo,baseline,fifo,1725844d,io_sleep,3,,0.3335568904876709,0.3335568904876709,,0.33,0.328,0.016,81.0,0.0,55.63,-54.48
baseline_fifo,baseline,fifo,074acea5,io_sleep,3,,0.4884469509124756,0.4884469509124756,,0.48,0.0,0.0,2.0,0.0,55.57,0.0
baseline_fifo,baseline,fifo,24d718a3,io_file,3,,0.010040998458862305,0.010040998458862305,,0.009,0.016,0.0,12.0,0.0,55.67,0.11
baseline_fifo,baseline,fifo,63ee24b9,cpu_matrix,1,,0.013278007507324219,0.013278007507324219,,0.005,0.0,0.016,13.0,0.0,55.12,-0.55
baseline_fifo,baseline,fifo,9dc23603,memory_list,2,,0.0711970329284668,0.0711970329284668,,0.065,0.031,0.047,10.0,0.0,56.52,1.0
baseline_fifo,baseline,fifo,f976edd2,memory_numpy,2,,0.029621124267578125,0.029621124267578125,,0.03,0.016,0.016,3.0,0.0,55.71,0.01
baseline_fifo,baseline,fifo,bffb80d4,memory_numpy,2,,0.05974006652832031,0.05974006652832031,,0.055,0.016,0.047,3.0,0.0,55.71,0.01
baseline_fifo,baseline,fifo,b49d2dd4,io_sleep,3,,0.2627890110015869,0.2627890110015869,,0.256,0.016,0.0,10.0,0.0,55.8,0.09
baseline_fifo,baseline,fifo,eb0009ea,io_sleep,3,,0.3786299228668213,0.3786299228668213,,0.373,0.0,0.0,3.0,0.0,55.77,-0.02
baseline_fifo,baseline,fifo,c0fee893,memory_numpy,2,,0.04057002067565918,0.04057002067565918,,0.035,0.031,0.0,12.0,0.0,55.77,0.01
baseline_fifo,baseline,fifo,c13f634c,memory_numpy,2,,0.046668052673339844,0.046668052673339844,,0.04,0.0,0.031,2.0,0.0,55.77,0.01
baseline_fifo,baseline,fifo,a42c4b76,memory_list,2,,0.06047201156616211,0.06047201156616211,,0.055,0.047,0.016,18.0,0.0,56.25,0.38
baseline_fifo,baseline,fifo,b69867b1,mixed_cpu_io,2,,0.29781293869018555,0.29781293869018555,,0.296,0.125,0.031,45.0,0.0,56.25,0.48
baseline_fifo,baseline,fifo,7e375579,io_sleep,3,,0.2299661636352539,0.2299661636352539,,0.226,0.078,0.016,74.0,0.0,56.52,0.72
baseline_fifo,baseline,fifo,72a5c7fd,io_sleep,3,,0.25396299362182617,0.25396299362182617,,0.247,0.016,0.016,-54.0,0.0,55.82,-0.08
baseline_fifo,baseline,fifo,b397ec51,mixed_cpu_io,2,,0.28843021392822266,0.28843021392822266,,0.281,0.047,0.031,18.0,0.0,55.85,0.03
baseline_fifo,baseline,fifo,125e631a,io_sleep,3,,0.29317712783813477,0.29317712783813477,,0.286,0.016,0.0,-6.0,0.0,55.82,-0.02
baseline_fifo,baseline,fifo,7e5d806b,mixed_cpu_io,2,,0.2595939636230469,0.2595939636230469,,0.254,0.031,0.016,11.0,0.0,55.82,0.0
baseline_fifo,baseline,fifo,0fbdefbb,memory_numpy,2,,0.09288287162780762,0.09288287162780762,,0.087,0.016,0.078,56.0,0.0,55.83,0.01
baseline_fifo,baseline,fifo,92a85004,mixed_cpu_io,2,,0.28272414207458496,0.28272414207458496,,0.278,0.047,0.047,48.0,0.0,55.87,0.03
baseline_fifo,baseline,fifo,a0054647,io_sleep,3,,0.146500825881958,0.146500825881958,,0.14,0.016,0.031,-20.0,0.0,55.86,-0.01
baseline_fifo,baseline,fifo,d9ba8f0a,io_sleep,3,,0.44104886054992676,0.44104886054992676,,0.436,0.047,0.094,10.0,0.0,55.84,0.02
baseline_fifo,baseline,fifo,ae6bf875,memory_numpy,2,,0.04232907295227051,0.04232907295227051,,0.037,0.031,0.016,5.0,0.0,55.84,0.01
baseline_fifo,baseline,fifo,5d6e2f5a,memory_numpy,2,,0.08584809303283691,0.08584809303283691,,0.078,0.016,0.062,10.0,0.0,55.84,0.01
baseline_fifo,baseline,fifo,94f60141,memory_list,2,,0.09326386451721191,0.09326386451721191,,0.087,0.062,0.031,16.0,0.0,56.41,0.57
baseline_fifo,baseline,fifo,85f436d1,io_sleep,3,,0.2494068145751953,0.2494068145751953,,0.242,0.0,0.016,6.0,0.0,55.72,0.0
baseline_fifo,baseline,fifo,aa719e5c,cpu_matrix,1,,0.02035808563232422,0.02035808563232422,,0.01,0.062,0.062,14.0,0.0,55.02,-0.69
baseline_fifo,baseline,fifo,60a1c4a0,cpu_matrix,1,,0.01743292808532715,0.01743292808532715,,0.011,0.016,0.0,22.0,0.0,55.6,0.09
baseline_fifo,baseline,fifo,40a45fd2,mixed_cpu_io,2,,0.36885714530944824,0.36885714530944824,,0.358,0.156,0.047,47.0,0.0,55.5,0.07
baseline_fifo,baseline,fifo,c6489422,cpu_fibonacci,1,,0.49802207946777344,0.49802207946777344,,0.491,0.484,0.0,93.0,0.0,55.52,0.03
baseline_fifo,baseline,fifo,08707852,memory_numpy,2,,0.09366798400878906,0.09366798400878906,,0.084,0.031,0.047,11.0,0.0,55.5,0.01
baseline_fifo,baseline,fifo,736d4c15,io_sleep,3,,0.3096950054168701,0.3096950054168701,,0.303,0.0,0.016,3.0,0.0,55.5,0.0
baseline_fifo,baseline,fifo,b0ba02e6,cpu_fibonacci,1,,0.11996293067932129,0.11996293067932129,,0.113,0.109,0.016,84.0,0.0,55.53,0.0
baseline_fifo,baseline,fifo,64f84358,mixed_cpu_io,2,,0.5217690467834473,0.5217690467834473,,0.512,0.266,0.047,139.0,0.0,55.53,0.04
baseline_fifo,baseline,fifo,80143b62,cpu_matrix,1,,0.010159969329833984,0.010159969329833984,,0.004,0.016,0.0,15.0,0.0,55.23,-0.42
baseline_fifo,baseline,fifo,94471129,io_sleep,3,,0.21241307258605957,0.21241307258605957,,0.203,0.031,0.031,41.0,0.0,100.47,44.89
baseline_fifo,baseline,fifo,1ed70761,memory_numpy,2,,0.07213401794433594,0.07213401794433594,,0.075,0.047,0.062,32.0,0.0,55.62,-0.02
baseline_fifo,baseline,fifo,3853c5b0,io_file,3,,0.020524024963378906,0.020524024963378906,,0.019,0.0,0.016,14.0,0.0,55.8,0.19
baseline_fifo,baseline,fifo,0c9ea688,cpu_matrix,1,,0.020781993865966797,0.020781993865966797,,0.009,0.016,0.0,15.0,0.0,55.16,-0.64
baseline_fifo,baseline,fifo,ce38fd1a,memory_list,2,,0.06364798545837402,0.06364798545837402,,0.06,0.047,0.016,16.0,0.0,56.96,1.38
baseline_fifo,baseline,fifo,456c1bfa,io_file,3,,0.011324167251586914,0.011324167251586914,,0.009,0.016,0.0,14.0,0.0,56.0,0.02
baseline_fifo,baseline,fifo,994ddb0e,io_file,3,,0.017457008361816406,0.017457008361816406,,0.01,0.016,0.016,12.0,0.0,56.0,0.0
baseline_fifo,baseline,fifo,f361046a,memory_numpy,2,,0.03651714324951172,0.03651714324951172,,0.031,0.016,0.016,1.0,0.0,56.0,0.01
baseline_fifo,baseline,fifo,ec961c06,cpu_fibonacci,1,,0.21613097190856934,0.21613097190856934,,0.209,0.188,0.031,12.0,0.0,55.99,0.0
baseline_fifo,baseline,fifo,dacb3d28,memory_list,2,,0.09266996383666992,0.09266996383666992,,0.088,0.062,0.031,7.0,0.0,56.56,0.57
baseline_fifo,baseline,fifo,fac9975d,memory_numpy,2,,0.029524803161621094,0.029524803161621094,,0.025,0.016,0.016,4.0,0.0,56.06,0.0
baseline_fifo,baseline,fifo,a16482ab,io_sleep,3,,0.19640398025512695,0.19640398025512695,,0.192,0.0,0.0,2.0,0.0,56.06,0.0
baseline_fifo,baseline,fifo,f38f058e,cpu_fibonacci,1,,0.08494305610656738,0.08494305610656738,,0.079,0.062,0.031,2.0,0.0,56.06,0.0
baseline_fifo,baseline,fifo,dac9b9d3,io_sleep,3,,0.35418701171875,0.35418701171875,,0.349,0.016,0.0,4.0,0.0,56.06,0.0
baseline_fifo,baseline,fifo,fa066f24,memory_numpy,2,,0.059996843338012695,0.059996843338012695,,0.054,0.0,0.062,3.0,0.0,56.06,0.0
baseline_fifo,baseline,fifo,d645af77,io_sleep,3,,0.5058259963989258,0.5058259963989258,,0.501,0.016,0.0,4.0,0.0,56.06,0.01
baseline_fifo,baseline,fifo,93aff4e8,io_sleep,3,,0.17266201972961426,0.17266201972961426,,0.166,0.0,0.0,2.0,0.0,56.06,0.0
baseline_fifo,baseline,fifo,ef99e697,io_sleep,3,,0.1476268768310547,0.1476268768310547,,0.143,0.0,0.0,4.0,0.0,56.09,0.0
baseline_fifo,baseline,fifo,83461b16,io_sleep,3,,0.22093605995178223,0.22093605995178223,,0.215,0.0,0.016,7.0,0.0,56.06,0.01
baseline_fifo,baseline,fifo,545fda80,cpu_fibonacci,1,,0.08258795738220215,0.08258795738220215,,0.082,0.047,0.031,11.0,0.0,56.06,0.0
baseline_fifo,baseline,fifo,b713cc31,io_sleep,3,,0.3866548538208008,0.3866548538208008,,0.382,0.0,0.016,-12.0,0.0,56.06,-0.02
baseline_fifo,baseline,fifo,c3c2514c,memory_numpy,2,,0.04752612113952637,0.04752612113952637,,0.038,0.0,0.047,3.0,0.0,56.06,0.01
baseline_fifo,baseline,fifo,46a0e464,cpu_fibonacci,1,,0.2103748321533203,0.2103748321533203,,0.21,0.188,0.016,15.0,0.0,56.06,0.0
baseline_fifo,baseline,fifo,f0a7006e,io_sleep,3,,0.18595099449157715,0.18595099449157715,,0.181,0.0,0.031,6.0,0.0,56.06,0.0
baseline_fifo,baseline,fifo,00184c76,cpu_matrix,1,,0.11191606521606445,0.11191606521606445,,0.108,0.109,0.0,33.0,0.0,56.17,0.08
baseline_fifo,baseline,fifo,85f4e7a8,cpu_fibonacci,1,,0.2225940227508545,0.2225940227508545,,0.217,0.203,0.016,64.0,0.0,56.17,0.11
baseline_fifo,baseline,fifo,cf8bcebe,memory_numpy,2,,0.0680091381072998,0.0680091381072998,,0.063,0.016,0.047,5.0,0.0,55.59,0.01
baseline_fifo,baseline,fifo,84b1ab0e,cpu_fibonacci,1,,0.06157493591308594,0.06157493591308594,,0.059,0.047,0.031,22.0,0.0,55.86,0.27
baseline_fifo,baseline,fifo,3e47c274,io_file,3,,0.06139492988586426,0.06139492988586426,,0.058,0.016,0.031,21.0,0.0,55.83,0.16
baseline_fifo,baseline,fifo,36ef9d61,io_file,3,,0.009533882141113281,0.009533882141113281,,0.009,0.0,0.016,16.0,0.0,55.85,0.02
baseline_fifo,baseline,fifo,c1c41e63,cpu_fibonacci,1,,0.3474440574645996,0.3474440574645996,,0.341,0.328,0.031,48.0,0.0,55.88,0.03
baseline_fifo,baseline,fifo,cbff8c80,io_file,3,,0.0669090747833252,0.0669090747833252,,0.063,0.062,0.016,2.0,0.0,55.88,0.0
baseline_fifo,baseline,fifo,c61e0075,mixed_cpu_io,2,,0.31748390197753906,0.31748390197753906,,0.311,0.203,0.016,34.0,0.0,55.9,0.03
baseline_fifo,baseline,fifo,2955e1e7,mixed_cpu_io,2,,0.4544689655303955,0.4544689655303955,,0.447,0.375,0.016,50.0,0.0,55.91,0.01
baseline_fifo,baseline,fifo,574f0400,cpu_fibonacci,1,,0.2203369140625,0.2203369140625,,0.214,0.234,0.016,42.0,0.0,55.91,0.01
baseline_fifo,baseline,fifo,c2a09315,memory_list,2,,0.04273509979248047,0.04273509979248047,,0.037,0.016,0.031,5.0,0.0,55.57,-0.3
baseline_fifo,baseline,fifo,d18d386f,mixed_cpu_io,2,,0.25663208961486816,0.25663208961486816,,0.254,0.047,0.0,6.0,0.0,55.95,0.0
baseline_fifo,baseline,fifo,ac1b9f59,io_sleep,3,,0.49981212615966797,0.49981212615966797,,0.497,0.047,0.0,7.0,0.0,55.92,0.05
baseline_fifo,baseline,fifo,d1599e9c,io_sleep,3,,0.20193099975585938,0.20193099975585938,,0.195,0.016,0.0,3.0,0.0,55.92,0.01
baseline_fifo,baseline,fifo,41f8cd58,mixed_cpu_io,2,,0.2572650909423828,0.2572650909423828,,0.252,0.016,0.031,6.0,0.0,55.92,0.01
baseline_fifo,baseline,fifo,371618c0,cpu_matrix,1,,0.010205984115600586,0.010205984115600586,,0.004,0.0,0.016,13.0,0.0,55.57,-0.34
baseline_fifo,baseline,fifo,fa23f201,memory_numpy,2,,0.08938193321228027,0.08938193321228027,,0.091,0.047,0.094,23.0,0.0,57.99,2.01
baseline_fifo,baseline,fifo,88e71ad9,memory_list,2,,0.08064818382263184,0.08064818382263184,,0.079,0.031,0.078,23.0,0.0,57.99,-48.39
baseline_fifo,baseline,fifo,0b731428,cpu_matrix,1,,0.009942054748535156,0.009942054748535156,,0.004,0.0,0.0,12.0,0.0,55.29,-0.79
baseline_fifo,baseline,fifo,01803100,memory_numpy,2,,0.06140398979187012,0.06140398979187012,,0.057,0.031,0.047,27.0,0.0,55.78,0.0
baseline_fifo,baseline,fifo,78857a5e,cpu_fibonacci,1,,0.38052797317504883,0.38052797317504883,,0.373,0.312,0.078,163.0,0.0,56.25,0.55
baseline_fifo,baseline,fifo,3f9b7678,io_file,3,,0.2252640724182129,0.2252640724182129,,0.229,0.219,0.016,-11.0,0.0,56.22,0.38
baseline_fifo,baseline,fifo,fb0604d9,io_file,3,,0.013060808181762695,0.013060808181762695,,0.008,0.0,0.016,16.0,0.0,56.27,0.05
baseline_fifo,baseline,fifo,65255fc0,io_sleep,3,,0.15792489051818848,0.15792489051818848,,0.153,0.0,0.0,4.0,0.0,56.27,0.0
baseline_fifo,baseline,fifo,5515477e,io_sleep,3,,0.3721621036529541,0.3721621036529541,,0.364,0.0,0.016,3.0,0.0,56.29,0.0
baseline_fifo,baseline,fifo,762d1689,io_sleep,3,,0.16561198234558105,0.16561198234558105,,0.155,0.016,0.0,-6.0,0.0,56.29,-0.03
baseline_fifo,baseline,fifo,688428c0,cpu_matrix,1,,0.010164022445678711,0.010164022445678711,,0.003,0.0,0.016,12.0,0.0,55.77,-0.51
baseline_fifo,baseline,fifo,5b2a3c39,memory_numpy,2,,0.043045997619628906,0.043045997619628906,,0.035,0.0,0.031,3.0,0.0,55.7,0.01
baseline_fifo,baseline,fifo,82759ee8,io_sleep,3,,0.485109806060791,0.485109806060791,,0.48,0.016,0.0,3.0,0.0,55.7,0.0
baseline_fifo,baseline,fifo,11ff4906,cpu_fibonacci,1,,0.21447181701660156,0.21447181701660156,,0.213,0.219,0.0,21.0,0.0,55.7,0.0
baseline_fifo,baseline,fifo,9372b7ab,cpu_fibonacci,1,,0.18567705154418945,0.18567705154418945,,0.183,0.172,0.016,35.0,0.0,55.78,0.0
baseline_fifo,baseline,fifo,898e1841,mixed_cpu_io,2,,0.340817928314209,0.340817928314209,,0.336,0.203,0.031,36.0,0.0,55.75,0.05
baseline_fifo,baseline,fifo,2efe2df4,io_file,3,,0.011291027069091797,0.011291027069091797,,0.01,0.016,0.0,15.0,0.0,56.02,0.28
baseline_fifo,baseline,fifo,c9e4d77b,memory_numpy,2,,0.05154705047607422,0.05154705047607422,,0.043,0.016,0.031,11.0,0.0,56.03,0.0
baseline_fifo,baseline,fifo,c321731e,io_file,3,,0.014782905578613281,0.014782905578613281,,0.011,0.016,0.0,14.0,0.0,56.03,0.01
baseline_fifo,baseline,fifo,2aadd55c,io_sleep,3,,0.3658411502838135,0.3658411502838135,,0.359,0.0,0.0,3.0,0.0,56.03,0.0
baseline_fifo,baseline,fifo,cc035e77,memory_numpy,2,,0.06011390686035156,0.06011390686035156,,0.057,0.0,0.062,4.0,0.0,56.03,-0.02
baseline_fifo,baseline,fifo,aeebd0b9,cpu_fibonacci,1,,0.13365888595581055,0.13365888595581055,,0.13,0.094,0.047,12.0,0.0,55.95,0.0
baseline_fifo,baseline,fifo,0fcf0c7a,io_file,3,,0.013461112976074219,0.013461112976074219,,0.01,0.0,0.0,16.0,0.0,55.95,0.0
baseline_fifo,baseline,fifo,8ae94635,mixed_cpu_io,2,,0.285351037979126,0.285351037979126,,0.279,0.094,0.0,9.0,0.0,55.96,0.01
baseline_fifo,baseline,fifo,450b6388,cpu_matrix,1,,0.009741067886352539,0.009741067886352539,,0.002,0.0,0.016,12.0,0.0,56.3,0.34
process_fifo,process,fifo,52242c6c,io_sleep,3,0.016170978546142578,0.674354076385498,0.6905250549316406,,0.243,0.0,0.0,1.0,0.0,45.88,0.0
process_fifo,process,fifo,a22f00ba,io_sleep,3,0.0,0.7275419235229492,0.7275419235229492,,0.28,0.0,0.0,2.0,0.0,45.84,0.0
process_fifo,process,fifo,6ccd165b,io_sleep,3,0.0,0.23289704322814941,0.23289704322814941,,0.218,0.0,0.0,1.0,0.0,45.89,0.0
process_fifo,process,fifo,dec5e426,io_sleep,3,0.0,0.3613100051879883,0.3613100051879883,,0.345,0.0,0.0,1.0,0.0,45.85,0.0
process_fifo,process,fifo,c4c8a8a3,io_file,3,0.0,0.014101982116699219,0.016116857528686523,,0.009,0.0,0.0,10.0,0.0,45.86,0.01
process_fifo,process,fifo,39d5cf1c,cpu_matrix,1,0.0,0.026285886764526367,0.026285886764526367,,0.012,0.0,0.016,10.0,0.0,48.61,2.72
process_fifo,process,fifo,7173a3c1,cpu_matrix,1,0.0,0.020832061767578125,0.020832061767578125,,0.01,0.0,0.016,14.0,0.0,48.73,2.87
process_fifo,process,fifo,1236e2a2,mixed_cpu_io,2,0.0,0.2667839527130127,0.2667839527130127,,0.256,0.016,0.031,11.0,0.0,48.61,0.0
process_fifo,process,fifo,79214ba5,io_file,3,0.0,0.02051711082458496,0.02051711082458496,,0.009,0.016,0.0,11.0,0.0,49.14,0.41
process_fifo,process,fifo,c4f865ec,io_sleep,3,0.0,0.18387699127197266,0.18387699127197266,,0.168,0.0,0.0,1.0,0.0,48.61,0.0
process_fifo,process,fifo,1d45fba1,io_sleep,3,0.0,0.4599430561065674,0.4599430561065674,,0.443,0.0,0.016,1.0,0.0,49.14,0.0
process_fifo,process,fifo,38c0133f,io_sleep,3,0.0,0.36177897453308105,0.36177897453308105,,0.348,0.016,0.0,1.0,0.0,48.61,0.0
process_fifo,process,fifo,08ebbbcb,cpu_matrix,1,0.0,0.015598773956298828,0.015598773956298828,,0.004,0.0,0.0,13.0,0.0,50.62,2.01
process_fifo,process,fifo,502019da,io_sleep,3,0.0,0.23093700408935547,0.23093700408935547,,0.222,0.0,0.016,1.0,0.0,49.14,0.0
process_fifo,process,fifo,e0e6e0c0,memory_numpy,2,0.0,0.08136820793151855,0.08136820793151855,,0.067,0.016,0.062,9.0,0.0,50.65,0.02
process_fifo,process,fifo,18c99b02,cpu_matrix,1,0.0,0.010128974914550781,0.010128974914550781,,0.004,0.0,0.0,20.0,0.0,51.33,2.19
process_fifo,process,fifo,043e2317,ml_predict,2,0.0,0.012300968170166016,0.012300968170166016,No module named 'sklearn',,,,,,,
process_fifo,process,fifo,4b78fb60,io_file,3,0.0,0.018418073654174805,0.018418073654174805,,0.008,0.0,0.016,12.0,0.0,51.35,0.02
process_fifo,process,fifo,709e7f64,mixed_cpu_io,2,0.0,0.3400568962097168,0.3400568962097168,,0.328,0.125,0.016,16.0,0.0,45.91,0.0
process_fifo,process,fifo,53610a50,ml_predict,2,0.0,0.010370016098022461,0.010370016098022461,No module named 'sklearn',,,,,,,
process_fifo,process,fifo,872a51d8,io_sleep,3,0.001544952392578125,0.3588230609893799,0.360368013381958,,0.352,0.0,0.016,1.0,0.0,51.35,0.0
process_fifo,process,fifo,c7c4b578,cpu_matrix,1,0.0,0.02056598663330078,0.02056598663330078,,0.016,0.031,0.0,21.0,0.0,51.59,5.68
process_fifo,process,fifo,314477d1,memory_list,2,0.0010731220245361328,0.06835603713989258,0.06942915916442871,,0.06,0.031,0.031,6.0,0.0,52.01,1.21
process_fifo,process,fifo,2dbec523,ml_predict,2,0.0,0.006016969680786133,0.008023977279663086,No module named 'sklearn',,,,,,,
process_fifo,process,fifo,49e1a8e4,cpu_fibonacci,1,0.0,0.3440868854522705,0.3440868854522705,,0.332,0.297,0.047,33.0,0.0,51.35,0.0
process_fifo,process,fifo,189fcf5b,io_sleep,3,0.0,0.34217405319213867,0.34217405319213867,,0.331,0.0,0.0,1.0,0.0,51.86,0.0
process_fifo,process,fifo,e4159255,memory_numpy,2,0.0033910274505615234,0.048219919204711914,0.05161094665527344,,0.045,0.031,0.031,2.0,0.0,51.72,0.02
process_fifo,process,fifo,5a742267,memory_numpy,2,0.002012014389038086,0.0581049919128418,0.06011700630187988,,0.058,0.047,0.016,5.0,0.0,51.37,0.02
process_fifo,process,fifo,fa33bb89,cpu_fibonacci,1,0.0011489391326904297,0.0783989429473877,0.07954788208007812,,0.077,0.062,0.016,5.0,0.0,51.86,0.0
process_fifo,process,fifo,e7c074a2,mixed_cpu_io,2,0.0,0.25861597061157227,0.25861597061157227,,0.249,0.047,0.016,3.0,0.0,51.73,0.0
process_fifo,process,fifo,d6bd9afa,cpu_matrix,1,0.0,0.010560989379882812,0.010560989379882812,,0.002,0.0,0.0,9.0,0.0,50.94,-0.43
process_fifo,process,fifo,cd0f7407,io_sleep,3,0.0,0.28246498107910156,0.28246498107910156,,0.266,0.016,0.0,1.0,0.0,51.86,0.0
process_fifo,process,fifo,d8abfa6f,io_sleep,3,0.0,0.16735601425170898,0.16735601425170898,,0.158,0.016,0.0,1.0,0.0,51.73,0.0
process_fifo,process,fifo,67df5085,io_sleep,3,0.0,0.31425905227661133,0.31425905227661133,,0.308,0.0,0.0,1.0,0.0,50.94,0.0
process_fifo,process,fifo,8cb7c6eb,memory_numpy,2,0.005357027053833008,0.05645298957824707,0.06181001663208008,,0.047,0.047,0.0,2.0,0.0,51.86,0.0
process_fifo,process,fifo,1ba5f23b,ml_predict,2,0.0,0.010509014129638672,0.010509014129638672,No module named 'sklearn',,,,,,,
process_fifo,process,fifo,0ef319ef,io_sleep,3,0.0,0.14032912254333496,0.14032912254333496,,0.134,0.0,0.0,2.0,0.0,50.94,0.0
process_fifo,process,fifo,361128bd,memory_list,2,0.0,0.10152506828308105,0.10152506828308105,,0.096,0.078,0.031,12.0,0.0,53.32,1.47
process_fifo,process,fifo,89bb5c27,io_sleep,3,0.0031280517578125,0.25476884841918945,0.25789690017700195,,0.245,0.0,0.0,1.0,0.0,51.74,0.0
process_fifo,process,fifo,853594e8,cpu_fibonacci,1,0.0034399032592773438,0.13376712799072266,0.13720703125,,0.128,0.109,0.031,14.0,0.0,50.94,0.0
process_fifo,process,fifo,e291d492,io_sleep,3,0.0,0.28384900093078613,0.28384900093078613,,0.273,0.0,0.0,1.0,0.0,52.32,0.0
process_fifo,process,fifo,e94ebf3d,ml_predict,2,0.0,0.010154962539672852,0.010154962539672852,No module named 'sklearn',,,,,,,
process_fifo,process,fifo,b56d6142,io_sleep,3,0.0,0.12517094612121582,0.12517094612121582,,0.111,0.0,0.016,1.0,0.0,50.94,0.0
process_fifo,process,fifo,bbe8ac52,memory_numpy,2,0.0,0.0706779956817627,0.0706779956817627,,0.06,0.016,0.047,6.0,0.0,52.32,0.0
process_fifo,process,fifo,2a5caaa1,memory_numpy,2,0.0,0.08074188232421875,0.08074188232421875,,0.07,0.031,0.047,5.0,0.0,51.74,0.0
process_fifo,process,fifo,90989ded,ml_predict,2,0.0,0.0,0.0,No module named 'sklearn',,,,,,,
process_fifo,process,fifo,6a86dc9b,io_sleep,3,0.0,0.3316009044647217,0.3316009044647217,,0.322,0.0,0.0,1.0,0.0,50.94,0.0
process_fifo,process,fifo,55dcefb6,io_sleep,3,0.0,0.36535096168518066,0.36535096168518066,,0.351,0.0,0.016,1.0,0.0,51.74,0.0
process_fifo,process,fifo,5bc0bcfd,io_sleep,3,0.0,0.3932328224182129,0.3932328224182129,,0.382,0.0,0.0,1.0,0.0,52.32,0.0
process_fifo,process,fifo,b930bd28,cpu_matrix,1,0.0,0.01476287841796875,0.01476287841796875,,0.002,0.0,0.016,9.0,0.0,50.47,-0.47
process_fifo,process,fifo,271ef6cc,memory_list,2,0.0,0.03885507583618164,0.03885507583618164,,0.034,0.0,0.031,2.0,0.0,53.32,1.57
process_fifo,process,fifo,8214a4c9,ml_predict,2,0.0,0.006891965866088867,0.006891965866088867,No module named 'sklearn',,,,,,,
process_fifo,process,fifo,d091f9dc,cpu_fibonacci,1,0.0010159015655517578,0.061064958572387695,0.06208086013793945,,0.049,0.0,0.047,2.0,0.0,52.32,0.0
process_fifo,process,fifo,d0552847,cpu_matrix,1,0.0,0.014034032821655273,0.014034032821655273,,0.003,0.031,0.016,11.0,0.0,52.4,-0.0
process_fifo,process,fifo,c4550532,cpu_fibonacci,1,0.0,0.13560700416564941,0.13560700416564941,,0.124,0.125,0.0,5.0,0.0,51.12,0.0
process_fifo,process,fifo,97b34d74,cpu_matrix,1,0.0,0.010262012481689453,0.010262012481689453,,0.002,0.0,0.0,10.0,0.0,51.92,-0.48
process_fifo,process,fifo,593c417a,memory_list,2,0.0,0.07126879692077637,0.07126879692077637,,0.066,0.047,0.016,6.0,0.0,52.57,0.25
process_fifo,process,fifo,b0805796,io_file,3,0.0,0.02014303207397461,0.02014303207397461,,0.01,0.0,0.0,12.0,0.0,51.34,0.22
process_fifo,process,fifo,bc7f2ca1,cpu_matrix,1,0.0,0.013000965118408203,0.013000965118408203,,0.003,0.0,0.0,12.0,0.0,51.58,-0.75
process_fifo,process,fifo,0222fdb4,mixed_cpu_io,2,0.0010828971862792969,0.292816162109375,0.2938990592956543,,0.282,0.062,0.0,7.0,0.0,52.4,0.0
process_fifo,process,fifo,949857b1,memory_numpy,2,0.0,0.042840003967285156,0.042840003967285156,,0.028,0.031,0.0,2.0,0.0,51.34,0.0
process_fifo,process,fifo,26abfacc,io_file,3,0.0,0.0203859806060791,0.0203859806060791,,0.009,0.016,0.0,11.0,0.0,52.32,0.27
process_fifo,process,fifo,53e409bf,cpu_matrix,1,0.0,0.020364046096801758,0.020364046096801758,,0.005,0.016,0.0,10.0,0.0,51.92,-0.48
process_fifo,process,fifo,ba247d20,io_file,3,0.0,0.02064204216003418,0.02064204216003418,,0.009,0.016,0.0,12.0,0.0,51.43,0.09
process_fifo,process,fifo,c1dce3cf,io_sleep,3,0.0,0.166517972946167,0.166517972946167,,0.156,0.0,0.016,1.0,0.0,52.32,0.0
process_fifo,process,fifo,35f032a0,mixed_cpu_io,2,0.002015829086303711,0.3355391025543213,0.337554931640625,,0.331,0.125,0.016,12.0,0.0,52.4,0.0
process_fifo,process,fifo,5d2e4202,memory_list,2,0.0,0.06218099594116211,0.06218099594116211,,0.059,0.047,0.016,5.0,0.0,52.93,1.5
process_fifo,process,fifo,9806eff6,memory_numpy,2,0.001168966293334961,0.049592018127441406,0.05076098442077637,,0.039,0.0,0.031,2.0,0.0,52.32,0.0
process_fifo,process,fifo,24d264c7,io_sleep,3,0.0,0.13539505004882812,0.13539505004882812,,0.119,0.0,0.0,2.0,0.0,52.4,0.0
process_fifo,process,fifo,93bd18c4,cpu_fibonacci,1,0.0,0.09252810478210449,0.09252810478210449,,0.078,0.062,0.016,3.0,0.0,52.68,0.0
process_fifo,process,fifo,9950ad26,cpu_fibonacci,1,0.0,0.21352791786193848,0.21352791786193848,,0.203,0.188,0.031,13.0,0.0,52.32,0.0
process_fifo,process,fifo,d9521e5e,memory_list,2,0.0,0.04477214813232422,0.04477214813232422,,0.034,0.0,0.016,2.0,0.0,53.5,1.09
process_fifo,process,fifo,cb6bf3b7,ml_predict,2,0.0,0.0,0.0,No module named 'sklearn',,,,,,,
process_fifo,process,fifo,ae8b3665,cpu_fibonacci,1,0.0,0.21595096588134766,0.21595096588134766,,0.206,0.188,0.016,18.0,0.0,52.42,0.0
process_fifo,process,fifo,1f39f59b,memory_numpy,2,0.0,0.053353071212768555,0.053353071212768555,,0.043,0.016,0.031,13.0,0.0,52.71,0.0
process_fifo,process,fifo,8673b90c,io_sleep,3,0.0,0.3896219730377197,0.3896219730377197,,0.375,0.0,0.0,1.0,0.0,52.75,0.0
process_fifo,process,fifo,4c923017,cpu_matrix,1,0.0,0.010564088821411133,0.010564088821411133,,0.002,0.0,0.016,10.0,0.0,51.71,-0.72
process_fifo,process,fifo,de005cb7,ml_predict,2,0.0,0.010118961334228516,0.010118961334228516,No module named 'sklearn',,,,,,,
process_fifo,process,fifo,caa11746,ml_predict,2,0.0,0.012228012084960938,0.012228012084960938,No module named 'sklearn',,,,,,,
process_fifo,process,fifo,5ac53ff3,cpu_fibonacci,1,0.0,0.06132793426513672,0.06132793426513672,,0.05,0.031,0.031,4.0,0.0,52.71,0.0
process_fifo,process,fifo,5bf6daed,mixed_cpu_io,2,0.0,0.3411710262298584,0.3411710262298584,,0.328,0.109,0.016,8.0,0.0,52.19,0.0
process_fifo,process,fifo,74dd34c8,memory_list,2,0.0,0.0828390121459961,0.0828390121459961,,0.082,0.047,0.047,5.0,0.0,52.93,0.19
process_fifo,process,fifo,160c986b,cpu_fibonacci,1,0.0,0.2175610065460205,0.2175610065460205,,0.203,0.203,0.016,21.0,0.0,52.71,0.0
process_fifo,process,fifo,201a82b4,ml_predict,2,0.0,0.009882926940917969,0.009882926940917969,No module named 'sklearn',,,,,,,
process_fifo,process,fifo,864df12f,memory_list,2,0.0,0.0518648624420166,0.0518648624420166,,0.043,0.031,0.016,7.0,0.0,52.91,0.19
process_fifo,process,fifo,a5060a41,io_sleep,3,0.0,0.36015796661376953,0.36015796661376953,,0.35,0.0,0.0,1.0,0.0,52.78,0.0
process_fifo,process,fifo,96bdec0b,mixed_cpu_io,2,0.0,0.2662038803100586,0.2662038803100586,,0.249,0.062,0.0,7.0,0.0,52.2,0.0
process_fifo,process,fifo,ff7b0829,cpu_fibonacci,1,0.0,0.05137205123901367,0.05137205123901367,,0.047,0.031,0.016,2.0,0.0,52.72,0.0
process_fifo,process,fifo,c53ede14,io_sleep,3,0.0,0.45960402488708496,0.45960402488708496,,0.446,0.016,0.0,1.0,0.0,52.78,0.0
process_fifo,process,fifo,0156b39f,io_sleep,3,0.0,0.468325138092041,0.468325138092041,,0.46,0.0,0.0,1.0,0.0,52.2,0.0
process_fifo,process,fifo,5440a2da,memory_numpy,2,0.003365039825439453,0.06471586227416992,0.06808090209960938,,0.054,0.047,0.016,3.0,0.0,52.72,0.0
process_fifo,process,fifo,fa8fb7b0,io_file,3,0.0,0.023275136947631836,0.023275136947631836,,0.009,0.016,0.0,14.0,0.0,52.79,0.01
process_fifo,process,fifo,2d9a37b9,cpu_fibonacci,1,0.0,0.1415560245513916,0.1415560245513916,,0.13,0.109,0.016,6.0,0.0,52.2,0.0
process_fifo,process,fifo,374c4f40,io_sleep,3,0.0033140182495117188,0.16379499435424805,0.16710901260375977,,0.151,0.0,0.0,1.0,0.0,52.72,0.0
process_fifo,process,fifo,d2a6891a,mixed_cpu_io,2,0.0,0.3387291431427002,0.3387291431427002,,0.331,0.109,0.031,13.0,0.0,52.79,0.0
process_fifo,process,fifo,9c1f914a,cpu_matrix,1,0.0,0.01651906967163086,0.01651906967163086,,0.002,0.016,0.0,9.0,0.0,51.71,-0.49
process_fifo,process,fifo,f7249635,cpu_matrix,1,0.0,0.018384933471679688,0.018384933471679688,,0.004,0.078,0.031,9.0,0.0,52.79,0.0
process_fifo,process,fifo,8b0d2a27,io_sleep,3,0.0,0.3452911376953125,0.3452911376953125,,0.328,0.0,0.0,2.0,0.0,52.72,0.0
process_fifo,process,fifo,6a2a6dda,cpu_fibonacci,1,0.000865936279296875,0.07923316955566406,0.08009910583496094,,0.078,0.062,0.031,2.0,0.0,52.19,0.0
process_fifo,process,fifo,5891479c,cpu_fibonacci,1,0.0,0.08188390731811523,0.08188390731811523,,0.08,0.047,0.031,8.0,0.0,52.79,0.0
process_fifo,process,fifo,7d1cfef2,cpu_fibonacci,1,0.0,0.13251304626464844,0.13251304626464844,,0.125,0.141,0.0,14.0,0.0,52.19,0.0
process_fifo,process,fifo,011e98ef,mixed_cpu_io,2,0.0,0.25813913345336914,0.25813913345336914,,0.248,0.0,0.047,6.0,0.0,52.72,0.0
process_fifo,process,fifo,aa1df181,cpu_matrix,1,0.0,0.007782936096191406,0.007782936096191406,,0.004,0.016,0.0,10.0,0.0,52.59,-0.2
process_fifo,process,fifo,dbdfeea7,cpu_matrix,1,0.0010800361633300781,0.011826038360595703,0.012906074523925781,,0.002,0.016,0.0,11.0,0.0,51.71,-0.48
process_fifo,process,fifo,ecec60f0,cpu_fibonacci,1,0.0,0.13383102416992188,0.13383102416992188,,0.126,0.109,0.016,12.0,0.0,52.72,0.0
process_fifo,process,fifo,a7e51932,mixed_cpu_io,2,0.0,0.2608480453491211,0.2608480453491211,,0.25,0.031,0.016,8.0,0.0,52.59,0.0
process_fifo,process,fifo,0e9485d7,io_sleep,3,0.0,0.15496492385864258,0.15496492385864258,,0.14,0.0,0.0,2.0,0.0,52.19,0.0
process_fifo,process,fifo,bca1f4dc,io_sleep,3,0.0,0.18117189407348633,0.18117189407348633,,0.164,0.0,0.0,2.0,0.0,52.72,0.0
process_fifo,process,fifo,0793b3e3,ml_predict,2,0.0,0.010461091995239258,0.010461091995239258,No module named 'sklearn',,,,,,,
process_fifo,process,fifo,dcfcb9a2,memory_numpy,2,0.0,0.05106711387634277,0.05106711387634277,,0.036,0.031,0.016,1.0,0.0,52.19,0.0
process_fifo,process,fifo,b89f1a6f,io_sleep,3,0.0,0.1259758472442627,0.1259758472442627,,0.113,0.0,0.0,1.0,0.0,52.72,0.0
process_fifo,process,fifo,e841e9e1,cpu_fibonacci,1,0.0,0.05201911926269531,0.05201911926269531,,0.047,0.047,0.0,5.0,0.0,52.19,0.0
process_fifo,process,fifo,f4c82110,memory_list,2,0.0,0.0827629566192627,0.0827629566192627,,0.074,0.062,0.016,8.0,0.0,53.69,1.09
process_fifo,process,fifo,17f67fbf,cpu_matrix,1,0.0,0.017637014389038086,0.017637014389038086,,0.006,0.016,0.0,9.0,0.0,52.07,-0.65
process_fifo,process,fifo,2cfc28b3,ml_predict,2,0.0,0.010599136352539062,0.010599136352539062,No module named 'sklearn',,,,,,,
process_fifo,process,fifo,da5dadd4,io_file,3,0.0,0.020725011825561523,0.020725011825561523,,0.009,0.0,0.016,13.0,0.0,52.79,0.24
process_fifo,process,fifo,b862dc1c,io_sleep,3,0.0,0.3003041744232178,0.3003041744232178,,0.283,0.016,0.0,1.0,0.0,52.82,0.0
process_fifo,process,fifo,f889157d,io_sleep,3,0.0,0.3832559585571289,0.3832559585571289,,0.369,0.0,0.0,2.0,0.0,52.2,0.0
process_fifo,process,fifo,c1a5bdc0,memory_list,2,0.0,0.10376405715942383,0.10376405715942383,,0.092,0.047,0.047,7.0,0.0,53.42,0.64
process_fifo,process,fifo,471e654f,mixed_cpu_io,2,0.0011730194091796875,0.2588789463043213,0.260051965713501,,0.252,0.031,0.016,4.0,0.0,52.82,0.0
process_fifo,process,fifo,ef2c4205,io_sleep,3,0.0,0.3410680294036865,0.3410680294036865,,0.333,0.0,0.0,1.0,0.0,52.2,0.0
process_fifo,process,fifo,3c54c5f6,ml_predict,2,0.0,0.01028299331665039,0.01028299331665039,No module named 'sklearn',,,,,,,
process_fifo,process,fifo,ff495fa3,io_file,3,0.0,0.010149002075195312,0.010149002075195312,,0.008,0.016,0.0,10.0,0.0,52.82,0.0
process_fifo,process,fifo,5fb83be1,io_file,3,0.0008568763732910156,0.014713048934936523,0.015569925308227539,,0.011,0.016,0.0,12.0,0.0,52.4,0.2
process_fifo,process,fifo,57c91f54,cpu_fibonacci,1,0.0,0.14244818687438965,0.14244818687438965,,0.137,0.109,0.031,9.0,0.0,52.82,0.0
process_fifo,process,fifo,812209e6,io_sleep,3,0.0008280277252197266,0.4063239097595215,0.4071519374847412,,0.393,0.0,0.016,1.0,0.0,52.92,0.0
process_fifo,process,fifo,3f071f91,ml_predict,2,0.0,0.0,0.0,No module named 'sklearn',,,,,,,
process_fifo,process,fifo,9d9554b0,mixed_cpu_io,2,0.0,0.34149694442749023,0.34149694442749023,,0.327,0.094,0.031,10.0,0.0,52.82,0.0
process_fifo,process,fifo,6181f1c8,memory_list,2,0.0007669925689697266,0.10166096687316895,0.10242795944213867,,0.092,0.094,0.0,5.0,0.0,53.48,0.56
process_fifo,process,fifo,2fe2677c,ml_predict,2,0.0,0.010528087615966797,0.010528087615966797,No module named 'sklearn',,,,,,,
process_fifo,process,fifo,7bf183b8,cpu_matrix,1,0.0010747909545898438,0.01548004150390625,0.016554832458496094,,0.005,0.0,0.016,9.0,0.0,52.08,-0.84
process_fifo,process,fifo,d2b8fd89,io_sleep,3,0.0,0.4981038570404053,0.4981038570404053,,0.485,0.0,0.0,2.0,0.0,52.82,0.0
process_fifo,process,fifo,a5d3bd02,io_file,3,0.0,0.023780107498168945,0.023780107498168945,,0.009,0.0,0.016,15.0,0.0,52.55,0.14
process_fifo,process,fifo,5459be72,io_sleep,3,0.0,0.2789168357849121,0.2789168357849121,,0.267,0.0,0.0,1.0,0.0,52.82,0.0
process_fifo,process,fifo,78d55a6f,io_sleep,3,0.0,0.5137059688568115,0.5137059688568115,,0.496,0.0,0.0,1.0,0.0,52.56,0.0
process_fifo,process,fifo,c9702b35,ml_predict,2,0.0,0.016165971755981445,0.016165971755981445,No module named 'sklearn',,,,,,,
process_fifo,process,fifo,ab4b2637,io_sleep,3,0.0,0.3067479133605957,0.3067479133605957,,0.3,0.0,0.0,1.0,0.0,52.55,0.0
process_fifo,process,fifo,305ab123,cpu_matrix,1,0.0,0.021294116973876953,0.021294116973876953,,0.006,0.0,0.016,8.0,0.0,52.56,0.0
process_priority,process,priority,8bc2cb5c,memory_numpy,2,0.010050058364868164,0.36885809898376465,0.3789081573486328,,0.021,0.016,0.0,2.0,0.0,45.71,0.02
process_priority,process,priority,512c7086,memory_numpy,2,0.0,0.41937708854675293,0.41937708854675293,,0.057,0.0,0.062,7.0,0.0,45.96,0.02
process_priority,process,priority,f1e95b37,cpu_matrix,1,0.0,0.024508953094482422,0.024508953094482422,,0.011,0.016,0.0,20.0,0.0,49.36,3.38
process_priority,process,priority,e0412330,mixed_cpu_io,2,0.0,0.33866405487060547,0.33866405487060547,,0.328,0.094,0.047,9.0,0.0,45.73,0.0
process_priority,process,priority,a49b1744,memory_numpy,2,0.0,0.03727006912231445,0.03727006912231445,,0.025,0.0,0.031,4.0,0.0,49.36,0.0
process_priority,process,priority,cf852024,cpu_fibonacci,1,0.0,0.14222002029418945,0.14222002029418945,,0.137,0.141,0.0,17.0,0.0,45.74,0.0
process_priority,process,priority,e6e0f92e,ml_predict,2,0.0,0.010548114776611328,0.010548114776611328,No module named 'sklearn',,,,,,,
process_priority,process,priority,f0334590,io_sleep,3,0.0,0.4201381206512451,0.4201381206512451,,0.403,0.0,0.016,1.0,0.0,49.36,0.0
process_priority,process,priority,f4b73997,cpu_matrix,1,0.0,0.016898155212402344,0.016898155212402344,,0.003,0.016,0.0,9.0,0.0,50.61,1.25
process_priority,process,priority,74d946e7,cpu_fibonacci,1,0.0,0.3712620735168457,0.3712620735168457,,0.357,0.328,0.031,28.0,0.0,45.87,0.0
process_priority,process,priority,30aa24cc,mixed_cpu_io,2,0.0,0.29181599617004395,0.29181599617004395,,0.279,0.031,0.047,8.0,0.0,50.61,0.0
process_priority,process,priority,bc98db4e,memory_numpy,2,0.003392934799194336,0.058175086975097656,0.06156802177429199,,0.054,0.047,0.016,3.0,0.0,45.87,0.0
process_priority,process,priority,da30f3b2,memory_numpy,2,0.0,0.06400489807128906,0.06400489807128906,,0.058,0.031,0.031,4.0,0.0,50.61,0.0
process_priority,process,priority,9c2dffb1,memory_list,2,0.0,0.10291695594787598,0.10291695594787598,,0.091,0.078,0.016,11.0,0.0,47.52,1.65
process_priority,process,priority,7bb15a07,io_sleep,3,0.0,0.3281221389770508,0.3281221389770508,,0.32,0.0,0.0,2.0,0.0,50.61,0.0
process_priority,process,priority,2ff2149c,io_file,3,0.0,0.017301082611083984,0.017301082611083984,,0.009,0.016,0.0,13.0,0.0,46.92,0.01
process_priority,process,priority,00eafa59,cpu_fibonacci,1,0.002323150634765625,0.04903984069824219,0.05136299133300781,,0.05,0.016,0.016,2.0,0.0,50.61,0.0
process_priority,process,priority,0e1c299f,memory_list,2,0.0,0.051680803298950195,0.051680803298950195,,0.05,0.016,0.031,5.0,0.0,47.56,0.63
process_priority,process,priority,de285ddc,io_sleep,3,0.0,0.3343391418457031,0.3343391418457031,,0.326,0.0,0.0,1.0,0.0,50.61,0.0
process_priority,process,priority,5da2e072,io_file,3,0.0,0.020596027374267578,0.020596027374267578,,0.009,0.0,0.016,12.0,0.0,47.13,0.2
process_priority,process,priority,1dcee10e,memory_numpy,2,0.0,0.04117298126220703,0.04117298126220703,,0.034,0.016,0.031,0.0,0.0,50.61,0.0
process_priority,process,priority,a67d0b1a,ml_predict,2,0.0,0.010071992874145508,0.010071992874145508,No module named 'sklearn',,,,,,,
process_priority,process,priority,f3d8d641,mixed_cpu_io,2,0.0,0.3390810489654541,0.3390810489654541,,0.325,0.109,0.016,10.0,0.0,47.14,0.0
process_priority,process,priority,b7aeed93,io_sleep,3,0.0,0.482349157333374,0.482349157333374,,0.454,0.0,0.0,2.0,0.0,50.88,0.01
process_priority,process,priority,cdbe7c63,ml_predict,2,0.0,0.0,0.0,No module named 'sklearn',,,,,,,
process_priority,process,priority,a8cbcbeb,ml_predict,2,0.0,0.010659933090209961,0.010659933090209961,No module named 'sklearn',,,,,,,
process_priority,process,priority,341e8144,cpu_fibonacci,1,0.0,0.06958889961242676,0.06958889961242676,,0.059,0.016,0.047,5.0,0.0,50.88,0.0
process_priority,process,priority,e0081b6b,io_file,3,0.0,0.0343170166015625,0.0343170166015625,,0.009,0.016,0.016,14.0,0.0,47.16,0.0
process_priority,process,priority,f41c3895,memory_list,2,0.0,0.07168412208557129,0.07168412208557129,,0.068,0.062,0.016,4.0,0.0,47.48,1.39
process_priority,process,priority,212696c1,memory_numpy,2,0.0,0.07726693153381348,0.07726693153381348,,0.071,0.062,0.016,1.0,0.0,50.89,0.0
process_priority,process,priority,08d83cdf,cpu_matrix,1,0.0,0.0218658447265625,0.0218658447265625,,0.01,0.0,0.016,12.0,0.0,50.64,3.47
process_priority,process,priority,2e6520be,cpu_matrix,1,0.0,0.025348901748657227,0.025348901748657227,,0.014,0.016,0.0,10.0,0.0,49.89,2.91
process_priority,process,priority,f5aa23fb,memory_list,2,0.0020079612731933594,0.16358399391174316,0.16559195518493652,,0.155,0.078,0.078,74.0,0.0,51.94,1.04
process_priority,process,priority,dbf9180e,memory_numpy,2,0.0,0.05258488655090332,0.05258488655090332,,0.04,0.016,0.031,2.0,0.0,49.91,0.02
process_priority,process,priority,f23eaea1,memory_numpy,2,0.0,0.10444903373718262,0.10444903373718262,,0.092,0.047,0.062,36.0,0.0,50.64,0.0
process_priority,process,priority,e2ffd2a4,io_sleep,3,0.0,0.3304781913757324,0.3304781913757324,,0.32,0.0,0.0,1.0,0.0,49.93,0.0
process_priority,process,priority,d731feb7,io_sleep,3,0.0,0.4792780876159668,0.4792780876159668,,0.467,0.0,0.0,1.0,0.0,51.93,0.0
process_priority,process,priority,81eb9f40,io_sleep,3,0.0,0.4907689094543457,0.4907689094543457,,0.48,0.0,0.0,2.0,0.0,50.64,0.0
process_priority,process,priority,adb46941,memory_list,2,0.0,0.10457491874694824,0.10457491874694824,,0.089,0.047,0.062,85.0,0.0,49.69,-0.24
process_priority,process,priority,ce3eea76,io_sleep,3,0.0,0.3873720169067383,0.3873720169067383,,0.377,0.016,0.0,3.0,0.0,52.0,0.0
process_priority,process,priority,be28f001,cpu_fibonacci,1,0.0020248889923095703,0.14991307258605957,0.15193796157836914,,0.142,0.109,0.047,16.0,0.0,50.65,0.0
process_priority,process,priority,bdbd999b,ml_predict,2,0.0,0.008412837982177734,0.008412837982177734,No module named 'sklearn',,,,,,,
process_priority,process,priority,c2ea18f5,cpu_fibonacci,1,0.0,0.061846017837524414,0.061846017837524414,,0.051,0.031,0.016,5.0,0.0,52.0,0.0
process_priority,process,priority,601b5cf2,io_sleep,3,0.0,0.28278207778930664,0.28278207778930664,,0.269,0.0,0.0,3.0,0.0,50.65,0.0
process_priority,process,priority,41ca63ad,memory_numpy,2,0.0,0.05849504470825195,0.05849504470825195,,0.045,0.0,0.047,6.0,0.0,49.95,0.0
process_priority,process,priority,3f10eba3,cpu_fibonacci,1,0.0,0.20558881759643555,0.20558881759643555,,0.182,0.188,0.016,93.0,0.0,52.0,0.0
process_priority,process,priority,2f23d8fc,memory_numpy,2,0.0,0.06385207176208496,0.06385207176208496,,0.054,0.031,0.031,7.0,0.0,49.95,0.0
process_priority,process,priority,1f7e7ef3,io_sleep,3,0.0,0.1261460781097412,0.1261460781097412,,0.12,0.0,0.0,1.0,0.0,50.65,0.0
process_priority,process,priority,f8bdbca3,cpu_fibonacci,1,0.0,0.3566319942474365,0.3566319942474365,,0.354,0.344,0.0,43.0,0.0,52.0,0.0
process_priority,process,priority,cde448b4,io_file,3,0.0,0.010020971298217773,0.010020971298217773,,0.008,0.016,0.0,10.0,0.0,50.29,0.34
process_priority,process,priority,93ab02dd,memory_list,2,0.0,0.07691597938537598,0.07691597938537598,,0.067,0.078,0.0,9.0,0.0,50.31,-0.34
process_priority,process,priority,2aa509e3,io_sleep,3,0.0,0.15725398063659668,0.15725398063659668,,0.145,0.0,0.0,1.0,0.0,52.0,0.0
process_priority,process,priority,ffdc0f29,mixed_cpu_io,2,0.0,0.2664620876312256,0.2664620876312256,,0.251,0.031,0.016,12.0,0.0,50.29,0.0
process_priority,process,priority,6ebd9da3,memory_list,2,0.0,0.10884785652160645,0.10884785652160645,,0.098,0.094,0.016,6.0,0.0,52.37,2.18
process_priority,process,priority,217a4ee3,cpu_fibonacci,1,0.0,0.09089803695678711,0.09089803695678711,,0.08,0.031,0.062,2.0,0.0,52.0,0.0
process_priority,process,priority,935d9f83,cpu_fibonacci,1,0.0,0.06315994262695312,0.06315994262695312,,0.052,0.031,0.016,2.0,0.0,50.29,0.0
process_priority,process,priority,082f6e44,io_file,3,0.0,0.020084857940673828,0.020084857940673828,,0.01,0.0,0.016,13.0,0.0,51.53,0.0
process_priority,process,priority,9c08e14a,ml_predict,2,0.0010859966278076172,0.00690913200378418,0.007995128631591797,No module named 'sklearn',,,,,,,
process_priority,process,priority,10c877ba,cpu_matrix,1,0.000993967056274414,0.016000032424926758,0.016993999481201172,,0.004,0.016,0.0,12.0,0.0,52.98,2.68
process_priority,process,priority,32c6b749,memory_numpy,2,0.0,0.0410001277923584,0.0410001277923584,,0.032,0.031,0.0,3.0,0.0,52.0,0.0
process_priority,process,priority,e12660fc,memory_numpy,2,0.0,0.05200481414794922,0.05200481414794922,,0.037,0.047,0.0,1.0,0.0,52.98,0.0
process_priority,process,priority,113bd22a,cpu_fibonacci,1,0.0,0.3990440368652344,0.3990440368652344,,0.387,0.359,0.031,20.0,0.0,51.53,0.0
process_priority,process,priority,035d3c73,io_file,3,0.0,0.0219728946685791,0.0219728946685791,,0.01,0.0,0.016,13.0,0.0,52.14,0.14
process_priority,process,priority,873bbff9,cpu_fibonacci,1,0.0,0.2157280445098877,0.2157280445098877,,0.212,0.188,0.016,20.0,0.0,52.98,0.0
process_priority,process,priority,4e154f08,ml_predict,2,0.0,0.0,0.0,No module named 'sklearn',,,,,,,
process_priority,process,priority,e0afbb3c,cpu_fibonacci,1,0.0,0.2657029628753662,0.2657029628753662,,0.251,0.234,0.016,40.0,0.0,51.53,0.0
process_priority,process,priority,5ce61b56,cpu_matrix,1,0.0,0.011999130249023438,0.011999130249023438,,0.002,0.0,0.0,13.0,0.0,52.09,-0.05
process_priority,process,priority,e5c1603a,memory_numpy,2,0.0010190010070800781,0.07294702529907227,0.07396602630615234,,0.06,0.016,0.031,7.0,0.0,52.98,0.0
process_priority,process,priority,a455f9a5,cpu_matrix,1,0.0,0.014034032821655273,0.014034032821655273,,0.004,0.0,0.0,8.0,0.0,52.09,0.0
process_priority,process,priority,7bb7d3da,mixed_cpu_io,2,0.0,0.28926897048950195,0.28926897048950195,,0.28,0.094,0.0,3.0,0.0,51.53,0.0
process_priority,process,priority,65ee394b,mixed_cpu_io,2,0.0,0.3496389389038086,0.3496389389038086,,0.338,0.109,0.016,7.0,0.0,52.98,0.0
process_priority,process,priority,20e2231a,memory_list,2,0.0,0.08485102653503418,0.08485102653503418,,0.068,0.016,0.062,2.0,0.0,52.77,0.68
process_priority,process,priority,2e9474ac,cpu_matrix,1,0.0,0.010054826736450195,0.010054826736450195,,0.001,0.0,0.0,8.0,0.0,53.16,0.18
process_priority,process,priority,21c28a95,cpu_fibonacci,1,0.0,0.15150213241577148,0.15150213241577148,,0.142,0.125,0.016,13.0,0.0,51.56,0.04
process_priority,process,priority,3031233f,ml_predict,2,0.0009610652923583984,0.008082866668701172,0.00904393196105957,No module named 'sklearn',,,,,,,
process_priority,process,priority,f1edc020,mixed_cpu_io,2,0.0,0.2570309638977051,0.2570309638977051,,0.25,0.031,0.016,2.0,0.0,53.16,0.0
process_priority,process,priority,2abc7040,io_sleep,3,0.0,0.27854013442993164,0.27854013442993164,,0.262,0.016,0.0,1.0,0.0,51.56,0.0
process_priority,process,priority,7e10a644,cpu_matrix,1,0.0,0.08517599105834961,0.08517599105834961,,0.009,0.016,0.047,194.0,0.0,52.63,0.36
process_priority,process,priority,54afe7c5,ml_predict,2,0.0,0.018105030059814453,0.018105030059814453,No module named 'sklearn',,,,,,,
process_priority,process,priority,b8fea127,cpu_matrix,1,0.0,0.027726173400878906,0.027726173400878906,,0.007,0.0,0.016,46.0,0.0,52.49,-0.14
process_priority,process,priority,cfa0eed9,cpu_matrix,1,0.0014121532440185547,0.03080582618713379,0.032217979431152344,,0.006,0.0,0.016,43.0,0.0,52.68,-0.48
process_priority,process,priority,cc3e3824,cpu_fibonacci,1,0.0,0.33837199211120605,0.33837199211120605,,0.32,0.234,0.031,1253.0,0.0,51.56,0.0
process_priority,process,priority,05da829b,io_file,3,0.0,0.34854602813720703,0.34854602813720703,,0.333,0.016,0.0,153.0,0.0,52.49,0.0
process_priority,process,priority,f3c59a23,cpu_fibonacci,1,0.0,0.6048300266265869,0.6048300266265869,,0.595,0.469,0.047,1839.0,0.0,52.68,0.0
process_priority,process,priority,951f4602,cpu_fibonacci,1,0.0,0.17592310905456543,0.17592310905456543,,0.15,0.141,0.031,146.0,0.0,52.49,0.0
process_priority,process,priority,5f1f4cbf,io_sleep,3,0.0,0.30994200706481934,0.30994200706481934,,0.289,0.016,0.0,2.0,0.0,51.56,0.0
process_priority,process,priority,60807949,cpu_fibonacci,1,0.0,0.28116488456726074,0.28116488456726074,,0.275,0.25,0.031,66.0,0.0,52.68,0.0
process_priority,process,priority,7648d9bc,cpu_fibonacci,1,0.0,0.46531081199645996,0.46531081199645996,,0.455,0.453,0.0,132.0,0.0,52.49,0.0
process_priority,process,priority,9674b8ee,memory_numpy,2,0.0,0.08998489379882812,0.08998489379882812,,0.08,0.016,0.062,4.0,0.0,51.56,0.0
process_priority,process,priority,b7f2d813,ml_predict,2,0.0,0.006229877471923828,0.006229877471923828,No module named 'sklearn',,,,,,,
process_priority,process,priority,17b39584,cpu_matrix,1,0.0,0.02028203010559082,0.02028203010559082,,0.005,0.0,0.016,12.0,0.0,52.26,0.7
process_priority,process,priority,cf989b84,cpu_fibonacci,1,0.0,0.46406102180480957,0.46406102180480957,,0.452,0.453,0.0,172.0,0.0,52.68,0.0
process_priority,process,priority,1af3fb71,mixed_cpu_io,2,0.0,0.37174010276794434,0.37174010276794434,,0.361,0.156,0.016,41.0,0.0,52.49,0.0
process_priority,process,priority,9412ca4b,io_sleep,3,0.0,0.28595590591430664,0.28595590591430664,,0.277,0.0,0.016,2.0,0.0,52.27,0.0
process_priority,process,priority,98ddbfb9,cpu_matrix,1,0.0,0.016360044479370117,0.016360044479370117,,0.004,0.016,0.0,20.0,0.0,52.68,-0.01
process_priority,process,priority,2edd5b41,io_sleep,3,0.0,0.42202305793762207,0.42202305793762207,,0.41,0.0,0.0,1.0,0.0,52.49,0.0
process_priority,process,priority,5b705710,io_sleep,3,0.0,0.1179361343383789,0.1179361343383789,,0.103,0.0,0.0,1.0,0.0,52.27,0.0
process_priority,process,priority,50037a32,io_file,3,0.0,0.022439002990722656,0.022439002990722656,,0.01,0.0,0.016,15.0,0.0,53.02,0.22
process_priority,process,priority,e313de0d,memory_numpy,2,0.0,0.07032084465026855,0.07032084465026855,,0.056,0.031,0.031,9.0,0.0,52.49,0.0
process_priority,process,priority,379a986d,io_sleep,3,0.0,0.3682539463043213,0.3682539463043213,,0.358,0.0,0.016,1.0,0.0,52.27,0.0
process_priority,process,priority,f0a08729,mixed_cpu_io,2,0.0,0.26860690116882324,0.26860690116882324,,0.256,0.031,0.031,7.0,0.0,53.02,0.0
process_priority,process,priority,7b92bcff,memory_numpy,2,0.0,0.09282803535461426,0.09282803535461426,,0.078,0.031,0.031,15.0,0.0,52.49,0.0
process_priority,process,priority,09d3ab24,cpu_fibonacci,1,0.0,0.19719195365905762,0.19719195365905762,,0.186,0.156,0.031,35.0,0.0,52.27,0.0
process_priority,process,priority,a8ab8939,cpu_fibonacci,1,0.0,0.42658495903015137,0.42658495903015137,,0.423,0.406,0.016,145.0,0.0,53.02,0.0
process_priority,process,priority,cba17f34,io_sleep,3,0.0,0.21483421325683594,0.21483421325683594,,0.203,0.0,0.0,1.0,0.0,52.49,0.0
process_priority,process,priority,f7afbce5,io_file,3,0.0,0.020111083984375,0.020111083984375,,0.009,0.016,0.0,15.0,0.0,52.27,0.0
process_priority,process,priority,83a824f1,io_file,3,0.0,0.02165508270263672,0.02165508270263672,,0.009,0.016,0.0,14.0,0.0,53.03,0.01
process_priority,process,priority,9a0e12bc,io_sleep,3,0.0,0.22998595237731934,0.22998595237731934,,0.224,0.0,0.016,1.0,0.0,52.49,0.0
process_priority,process,priority,89367085,memory_numpy,2,0.0,0.041751861572265625,0.041751861572265625,,0.031,0.031,0.0,4.0,0.0,52.27,0.0
process_priority,process,priority,698448f9,cpu_fibonacci,1,0.0,0.09302711486816406,0.09302711486816406,,0.085,0.062,0.031,11.0,0.0,53.03,0.0
process_priority,process,priority,242b63e4,ml_predict,2,0.0,0.0097808837890625,0.0097808837890625,No module named 'sklearn',,,,,,,
process_priority,process,priority,1a4deaa3,cpu_fibonacci,1,0.0,0.31978702545166016,0.31978702545166016,,0.305,0.25,0.031,229.0,0.0,52.49,0.0
process_priority,process,priority,da6bdece,mixed_cpu_io,2,0.0,0.39534807205200195,0.39534807205200195,,0.379,0.141,0.016,84.0,0.0,53.03,0.0
process_priority,process,priority,dab5cb89,io_sleep,3,0.0020079612731933594,0.328685998916626,0.33069396018981934,,0.315,0.0,0.0,2.0,0.0,52.27,0.0
process_priority,process,priority,ff8bced1,io_sleep,3,0.0,0.35944199562072754,0.35944199562072754,,0.345,0.016,0.0,1.0,0.0,52.49,0.0
process_priority,process,priority,bd3d8794,mixed_cpu_io,2,0.0,0.4358057975769043,0.4358057975769043,,0.428,0.219,0.0,195.0,0.0,53.03,0.0
process_priority,process,priority,cbfd3715,cpu_matrix,1,0.0,0.019889116287231445,0.019889116287231445,,0.004,0.0,0.016,16.0,0.0,52.51,0.02
process_priority,process,priority,8661d5a6,io_sleep,3,0.0,0.3814518451690674,0.3814518451690674,,0.373,0.0,0.0,1.0,0.0,52.27,0.0
process_priority,process,priority,f4501e54,mixed_cpu_io,2,0.0,0.2870919704437256,0.2870919704437256,,0.278,0.062,0.016,18.0,0.0,53.03,0.0
process_priority,process,priority,e74f0aeb,cpu_matrix,1,0.0,0.018776893615722656,0.018776893615722656,,0.005,0.016,0.031,18.0,0.0,52.26,-0.01
process_priority,process,priority,c7244542,cpu_fibonacci,1,0.0,0.6088311672210693,0.6088311672210693,,0.6,0.547,0.016,1118.0,0.0,52.51,0.0
process_priority,process,priority,3174fae9,memory_numpy,2,0.0,0.08156013488769531,0.08156013488769531,,0.067,0.016,0.047,16.0,0.0,53.03,0.0
process_priority,process,priority,9d419c8a,cpu_matrix,1,0.0,0.010387897491455078,0.010387897491455078,,0.003,0.0,0.0,9.0,0.0,52.36,0.1
process_priority,process,priority,3befb067,memory_list,2,0.0,0.09061598777770996,0.09061598777770996,,0.073,0.047,0.016,26.0,0.0,52.79,0.28
process_priority,process,priority,2e638e93,io_sleep,3,0.0,0.36968493461608887,0.36968493461608887,,0.355,0.0,0.0,2.0,0.0,53.03,0.0
process_priority,process,priority,31fc522e,memory_numpy,2,0.0,0.11379885673522949,0.11379885673522949,,0.102,0.062,0.047,17.0,0.0,52.37,0.0
process_priority,process,priority,8348dffe,cpu_matrix,1,0.0,0.025945186614990234,0.025945186614990234,,0.01,0.016,0.0,25.0,0.0,52.51,0.0
process_priority,process,priority,636c15eb,memory_numpy,2,0.0,0.13069891929626465,0.13069891929626465,,0.116,0.031,0.062,53.0,0.0,53.03,0.0
process_priority,process,priority,44857e21,io_sleep,3,0.0,0.23000788688659668,0.23000788688659668,,0.215,0.0,0.0,1.0,0.0,52.37,0.0
process_priority,process,priority,a5f91cb6,cpu_fibonacci,1,0.0,0.20471692085266113,0.20471692085266113,,0.19,0.172,0.031,51.0,0.0,52.51,0.0
process_priority,process,priority,d005a00b,mixed_cpu_io,2,0.0,0.3561980724334717,0.3561980724334717,,0.339,0.078,0.062,42.0,0.0,53.03,0.0
process_priority,process,priority,73d9b57e,ml_predict,2,0.0,0.00949716567993164,0.00949716567993164,No module named 'sklearn',,,,,,,
process_priority,process,priority,785bd9a0,cpu_fibonacci,1,0.0,0.4962599277496338,0.4962599277496338,,0.48,0.469,0.0,497.0,0.0,52.37,0.0
process_priority,process,priority,bd727495,ml_predict,2,0.0,0.008220911026000977,0.008220911026000977,No module named 'sklearn',,,,,,,
process_priority,process,priority,8db9cda2,io_file,3,0.0,0.02316904067993164,0.02316904067993164,,0.009,0.0,0.0,14.0,0.0,52.37,0.0
process_priority,process,priority,08d4c194,io_sleep,3,0.0,0.46378207206726074,0.46378207206726074,,0.45,0.0,0.0,1.0,0.0,52.51,0.0
thread_fifo,thread,fifo,eb5f462a,io_sleep,3,0.0,0.42340993881225586,0.42340993881225586,,0.411,0.0,0.0,7.0,0.0,46.91,0.0
thread_fifo,thread,fifo,3a83ea13,io_sleep,3,0.0,0.4760560989379883,0.4760560989379883,,0.47,0.0,0.0,21.0,0.0,46.91,0.09
thread_fifo,thread,fifo,cd60f04c,ml_predict,2,0.0,0.0102081298828125,0.0102081298828125,No module named 'sklearn',,,,,,,
thread_fifo,thread,fifo,cdf87602,io_sleep,3,0.0,0.3075439929962158,0.3075439929962158,,0.297,0.016,0.0,20.0,0.0,46.93,0.02
thread_fifo,thread,fifo,25bbde38,io_file,3,0.0,0.025500774383544922,0.025500774383544922,,0.009,0.0,0.031,15.0,0.0,94.79,34.11
thread_fifo,thread,fifo,14ccc6a6,memory_numpy,2,0.0,0.050946950912475586,0.050946950912475586,,0.041,0.016,0.062,31.0,0.0,46.96,0.02
thread_fifo,thread,fifo,4103d23b,cpu_fibonacci,1,0.0029909610748291016,0.34566688537597656,0.34865784645080566,,0.339,0.312,0.031,112.0,0.0,47.18,0.19
thread_fifo,thread,fifo,630df767,cpu_matrix,1,0.0029909610748291016,0.3658878803253174,0.3688788414001465,,0.341,0.297,0.047,129.0,0.0,50.7,3.7
thread_fifo,thread,fifo,29825467,ml_predict,2,0.0,0.010259866714477539,0.010259866714477539,No module named 'sklearn',,,,,,,
thread_fifo,thread,fifo,3ee4e294,io_file,3,0.0,0.03086400032043457,0.03086400032043457,,0.017,0.016,0.016,41.0,0.0,50.64,-0.09
thread_fifo,thread,fifo,6a7ca17c,mixed_cpu_io,2,0.0,0.2879519462585449,0.2879519462585449,,0.281,0.047,0.031,18.0,0.0,50.64,0.0
thread_fifo,thread,fifo,916b921a,ml_predict,2,0.0,0.010174989700317383,0.010174989700317383,No module named 'sklearn',,,,,,,
thread_fifo,thread,fifo,90984944,ml_predict,2,0.0,0.010256052017211914,0.010256052017211914,No module named 'sklearn',,,,,,,
thread_fifo,thread,fifo,6a9910e2,cpu_matrix,1,0.0,0.010203838348388672,0.010203838348388672,,0.005,0.0,0.0,20.0,0.0,53.27,2.61
thread_fifo,thread,fifo,e1e4d707,ml_predict,2,0.0,0.01042795181274414,0.01042795181274414,No module named 'sklearn',,,,,,,
thread_fifo,thread,fifo,d498cd0d,memory_numpy,2,0.0,0.038259029388427734,0.038259029388427734,,0.031,0.0,0.047,5.0,0.0,53.28,0.0
thread_fifo,thread,fifo,0045435e,cpu_fibonacci,1,0.0,0.13913702964782715,0.13913702964782715,,0.125,0.109,0.016,18.0,0.0,53.28,0.0
thread_fifo,thread,fifo,9e8fff38,ml_predict,2,0.0,0.014587879180908203,0.014587879180908203,No module named 'sklearn',,,,,,,
thread_fifo,thread,fifo,8140129b,io_sleep,3,0.0008640289306640625,0.25538110733032227,0.25624513626098633,,0.196,0.078,0.031,50.0,0.0,53.35,0.06
thread_fifo,thread,fifo,77a7f421,cpu_fibonacci,1,0.0,0.1558990478515625,0.1558990478515625,,0.138,0.125,0.031,82.0,0.0,53.46,0.13
thread_fifo,thread,fifo,80a62264,ml_predict,2,0.0,0.021852970123291016,0.021852970123291016,No module named 'sklearn',,,,,,,
thread_fifo,thread,fifo,3d03dcd7,memory_numpy,2,0.0,0.06148695945739746,0.06148695945739746,,0.06,0.016,0.047,7.0,0.0,53.48,0.0
thread_fifo,thread,fifo,8a843571,mixed_cpu_io,2,0.0,0.28586387634277344,0.28586387634277344,,0.282,0.094,0.062,33.0,0.0,53.46,0.0
thread_fifo,thread,fifo,93029f82,ml_predict,2,0.0,0.010360956192016602,0.010360956192016602,No module named 'sklearn',,,,,,,
thread_fifo,thread,fifo,b046a170,ml_predict,2,0.0010249614715576172,0.00997304916381836,0.010998010635375977,No module named 'sklearn',,,,,,,
thread_fifo,thread,fifo,9ebbabf0,io_file,3,0.0,0.0334320068359375,0.0334320068359375,,0.023,0.016,0.0,53.0,0.0,53.59,0.14
thread_fifo,thread,fifo,4f0eaa04,memory_numpy,2,0.0,0.06239008903503418,0.06239008903503418,,0.056,0.0,0.062,6.0,0.0,53.59,0.0
thread_fifo,thread,fifo,10541aab,cpu_fibonacci,1,0.0,0.0580449104309082,0.0580449104309082,,0.049,0.047,0.0,6.0,0.0,53.59,0.0
thread_fifo,thread,fifo,3fca856d,ml_predict,2,0.0,0.01592707633972168,0.01592707633972168,No module named 'sklearn',,,,,,,
thread_fifo,thread,fifo,4207c8ef,io_sleep,3,0.0,0.25800585746765137,0.25800585746765137,,0.245,0.047,0.016,38.0,0.0,145.43,91.84
thread_fifo,thread,fifo,a039ab35,memory_numpy,2,0.0,0.07228302955627441,0.07228302955627441,,0.06,0.047,0.031,13.0,0.0,53.6,-0.02
thread_fifo,thread,fifo,61806ef1,ml_predict,2,0.0,0.01429605484008789,0.01429605484008789,No module named 'sklearn',,,,,,,
thread_fifo,thread,fifo,22c837fe,memory_numpy,2,0.0,0.056960105895996094,0.056960105895996094,,0.042,0.0,0.047,4.0,0.0,53.59,0.0
thread_fifo,thread,fifo,7c61e752,cpu_fibonacci,1,0.0,0.06150388717651367,0.06150388717651367,,0.047,0.016,0.047,6.0,0.0,53.59,0.0
thread_fifo,thread,fifo,f8da3ed6,cpu_matrix,1,0.0,0.020689964294433594,0.020689964294433594,,0.006,0.0,0.016,14.0,0.0,53.46,-0.14
thread_fifo,thread,fifo,6d15f151,memory_list,2,0.0,0.09416794776916504,0.09416794776916504,,0.085,0.062,0.016,16.0,0.0,55.53,2.08
thread_fifo,thread,fifo,7f01460d,io_sleep,3,0.0,0.1944258213043213,0.1944258213043213,,0.183,0.0,0.016,7.0,0.0,54.66,0.0
thread_fifo,thread,fifo,82a1b489,cpu_fibonacci,1,0.001402139663696289,0.34491491317749023,0.3463170528411865,,0.342,0.328,0.016,118.0,0.0,54.68,0.03
thread_fifo,thread,fifo,30ff4528,ml_predict,2,0.0,0.1640021800994873,0.1640021800994873,No module named 'sklearn',,,,,,,
thread_fifo,thread,fifo,d61d8422,cpu_fibonacci,1,0.0,0.41424107551574707,0.41424107551574707,,0.396,0.344,0.062,127.0,0.0,54.77,0.04
thread_fifo,thread,fifo,f10239b0,cpu_matrix,1,0.0,0.007926225662231445,0.007926225662231445,,0.003,0.0,0.0,14.0,0.0,54.1,-0.68
thread_fifo,thread,fifo,b60eb018,mixed_cpu_io,2,0.0,0.35080909729003906,0.35080909729003906,,0.323,0.188,0.016,82.0,0.0,54.55,-0.2
thread_fifo,thread,fifo,3ab531ab,io_sleep,3,0.006335020065307617,0.46943211555480957,0.4757671356201172,,0.445,0.047,0.016,32.0,0.0,54.52,-0.25
thread_fifo,thread,fifo,a18c83e1,memory_numpy,2,0.0,0.049833059310913086,0.049833059310913086,,0.047,0.031,0.016,5.0,0.0,54.54,0.0
thread_fifo,thread,fifo,d2b76395,ml_predict,2,0.0,0.01011800765991211,0.01011800765991211,No module named 'sklearn',,,,,,,
thread_fifo,thread,fifo,0c89f53a,cpu_fibonacci,1,0.0,0.06098484992980957,0.06098484992980957,,0.057,0.047,0.016,16.0,0.0,54.54,0.0
thread_fifo,thread,fifo,5122d3fa,io_file,3,0.0,0.020646095275878906,0.020646095275878906,,0.012,0.0,0.016,19.0,0.0,54.54,0.0
thread_fifo,thread,fifo,cfc8421d,cpu_fibonacci,1,0.0,0.13341999053955078,0.13341999053955078,,0.124,0.125,0.0,21.0,0.0,54.54,0.0
thread_fifo,thread,fifo,b331e7f5,ml_predict,2,0.0,0.010048866271972656,0.010048866271972656,No module named 'sklearn',,,,,,,
thread_fifo,thread,fifo,633c851f,io_sleep,3,0.0,0.42716407775878906,0.42716407775878906,,0.377,0.031,0.0,39.0,0.0,54.57,0.0
thread_fifo,thread,fifo,1f2df492,cpu_fibonacci,1,0.0,0.14340686798095703,0.14340686798095703,,0.134,0.141,0.0,69.0,0.0,54.58,0.01
thread_fifo,thread,fifo,2cebf3e1,memory_numpy,2,0.0,0.05190086364746094,0.05190086364746094,,0.045,0.031,0.031,16.0,0.0,54.57,0.03
thread_fifo,thread,fifo,4adb951e,io_sleep,3,0.0,0.3918778896331787,0.3918778896331787,,0.384,0.031,0.016,12.0,0.0,54.55,-14.17
thread_fifo,thread,fifo,7b7ad921,cpu_matrix,1,0.0,0.01031494140625,0.01031494140625,,0.004,0.0,0.016,15.0,0.0,54.55,0.01
thread_fifo,thread,fifo,31b5fb22,memory_numpy,2,0.0,0.05255889892578125,0.05255889892578125,,0.046,0.016,0.047,6.0,0.0,54.58,0.0
thread_fifo,thread,fifo,9f74bc30,memory_numpy,2,0.0,0.05498194694519043,0.05498194694519043,,0.044,0.0,0.047,2.0,0.0,54.58,0.0
thread_fifo,thread,fifo,b7bfbe94,io_sleep,3,0.0,0.34908485412597656,0.34908485412597656,,0.335,0.016,0.094,30.0,0.0,54.55,0.0
thread_fifo,thread,fifo,b1399866,cpu_matrix,1,0.003545999526977539,0.009307861328125,0.012853860855102539,,0.003,0.0,0.0,13.0,0.0,54.46,-0.1
thread_fifo,thread,fifo,cc0ab5f0,memory_list,2,0.0,0.08015179634094238,0.08015179634094238,,0.071,0.047,0.031,10.0,0.0,55.34,0.89
thread_fifo,thread,fifo,1c8afbef,memory_numpy,2,0.001096963882446289,0.06051993370056152,0.06161689758300781,,0.054,0.0,0.062,17.0,0.0,55.24,0.02
thread_fifo,thread,fifo,4843e9c4,io_sleep,3,0.0,0.3214399814605713,0.3214399814605713,,0.306,0.0,0.031,21.0,0.0,55.24,-71.03
thread_fifo,thread,fifo,a44527d6,io_sleep,3,0.0,0.2942640781402588,0.2942640781402588,,0.288,0.0,0.031,33.0,0.0,147.34,92.09
thread_fifo,thread,fifo,2533a8f3,memory_numpy,2,0.0,0.07282590866088867,0.07282590866088867,,0.06,0.016,0.062,13.0,0.0,55.22,-0.05
thread_fifo,thread,fifo,acd250ca,io_file,3,0.0006279945373535156,0.007964134216308594,0.00859212875366211,,0.009,0.016,0.0,13.0,0.0,55.25,0.0
thread_fifo,thread,fifo,b0e3def2,mixed_cpu_io,2,0.0,0.2586839199066162,0.2586839199066162,,0.253,0.031,0.031,17.0,0.0,55.25,0.0
thread_fifo,thread,fifo,86edf6b7,ml_predict,2,0.0,0.010537862777709961,0.010537862777709961,No module named 'sklearn',,,,,,,
thread_fifo,thread,fifo,4e4bc6b9,cpu_fibonacci,1,0.0008358955383300781,0.13065004348754883,0.1314859390258789,,0.123,0.125,0.0,10.0,0.0,55.25,0.0
thread_fifo,thread,fifo,b4abef0a,io_file,3,0.0012080669403076172,0.016597986221313477,0.017806053161621094,,0.009,0.016,0.0,14.0,0.0,55.26,0.0
thread_fifo,thread,fifo,9f6ccd32,memory_numpy,2,0.0,0.07150697708129883,0.07150697708129883,,0.061,0.047,0.016,7.0,0.0,55.26,0.0
thread_fifo,thread,fifo,b80e6e8c,cpu_matrix,1,0.0,0.010529041290283203,0.010529041290283203,,0.003,0.0,0.016,13.0,0.0,55.73,0.47
thread_fifo,thread,fifo,3b98c42c,ml_predict,2,0.0,0.008385181427001953,0.008385181427001953,No module named 'sklearn',,,,,,,
thread_fifo,thread,fifo,932bc1fc,cpu_matrix,1,0.0,0.016900062561035156,0.016900062561035156,,0.003,0.0,0.016,13.0,0.0,54.88,0.0
thread_fifo,thread,fifo,cc2450d2,io_sleep,3,0.0,0.38443708419799805,0.38443708419799805,,0.373,0.0,0.0,16.0,0.0,54.95,0.07
thread_fifo,thread,fifo,4912cc30,cpu_matrix,1,0.0,0.0101470947265625,0.0101470947265625,,0.004,0.0,0.0,13.0,0.0,54.95,0.0
thread_fifo,thread,fifo,c038e62e,io_sleep,3,0.0,0.3965790271759033,0.3965790271759033,,0.386,0.0,0.016,30.0,0.0,54.93,-0.02
thread_fifo,thread,fifo,36facb29,cpu_fibonacci,1,0.0,0.34892797470092773,0.34892797470092773,,0.334,0.312,0.031,53.0,0.0,54.93,0.0
thread_fifo,thread,fifo,f8f83677,memory_numpy,2,0.0,0.030720949172973633,0.030720949172973633,,0.021,0.0,0.016,4.0,0.0,54.93,0.0
thread_fifo,thread,fifo,2197f106,memory_numpy,2,0.0,0.058007001876831055,0.058007001876831055,,0.051,0.047,0.016,5.0,0.0,54.93,0.0
thread_fifo,thread,fifo,cb4babff,io_sleep,3,0.0,0.19001007080078125,0.19001007080078125,,0.178,0.0,0.0,7.0,0.0,54.93,0.0
thread_fifo,thread,fifo,cfe6b2b9,memory_list,2,0.0,0.05111098289489746,0.05111098289489746,,0.039,0.031,0.016,7.0,0.0,57.56,2.63
thread_fifo,thread,fifo,4f3e0aa1,io_sleep,3,0.0004029273986816406,0.13109993934631348,0.13150286674499512,,0.123,0.0,0.0,7.0,0.0,56.62,0.0
thread_fifo,thread,fifo,61e48ddf,mixed_cpu_io,2,0.0,0.2667510509490967,0.2667510509490967,,0.253,0.047,0.0,19.0,0.0,56.62,0.0
thread_fifo,thread,fifo,faa1bd60,ml_predict,2,0.0,0.013895988464355469,0.013895988464355469,No module named 'sklearn',,,,,,,
thread_fifo,thread,fifo,c43bcc6b,cpu_fibonacci,1,0.0007770061492919922,0.13228607177734375,0.13306307792663574,,0.116,0.109,0.0,36.0,0.0,56.64,0.0
thread_fifo,thread,fifo,744f24e9,mixed_cpu_io,2,0.0035479068756103516,0.3884561061859131,0.39200401306152344,,0.384,0.156,0.047,79.0,0.0,56.62,0.0
thread_fifo,thread,fifo,ba33ac76,cpu_fibonacci,1,0.0,0.06268095970153809,0.06268095970153809,,0.048,0.031,0.016,11.0,0.0,56.64,0.0
thread_fifo,thread,fifo,f7945679,cpu_matrix,1,0.0,0.0075991153717041016,0.0075991153717041016,,0.005,0.0,0.0,10.0,0.0,56.66,0.01
thread_fifo,thread,fifo,a1be3669,ml_predict,2,0.0,0.010832071304321289,0.010832071304321289,No module named 'sklearn',,,,,,,
thread_fifo,thread,fifo,71d03c51,io_sleep,3,0.0,0.314464807510376,0.314464807510376,,0.305,0.094,0.016,56.0,0.0,56.63,0.01
thread_fifo,thread,fifo,d5e0d3b3,cpu_fibonacci,1,0.0,0.08280611038208008,0.08280611038208008,,0.076,0.062,0.016,6.0,0.0,56.63,0.0
thread_fifo,thread,fifo,7c6baac6,memory_numpy,2,0.0,0.06016802787780762,0.06016802787780762,,0.047,0.031,0.031,5.0,0.0,56.63,0.0
thread_fifo,thread,fifo,c4eca10a,cpu_fibonacci,1,0.0,0.06138896942138672,0.06138896942138672,,0.052,0.062,0.0,8.0,0.0,56.63,0.0
thread_fifo,thread,fifo,e8cc21a3,cpu_matrix,1,0.0,0.010113000869750977,0.010113000869750977,,0.003,0.0,0.0,14.0,0.0,55.3,-1.36
thread_fifo,thread,fifo,38da515f,io_sleep,3,0.0,0.36585187911987305,0.36585187911987305,,0.352,0.0,0.031,30.0,0.0,54.9,-1.73
thread_fifo,thread,fifo,e62417c3,ml_predict,2,0.0,0.015012979507446289,0.015012979507446289,No module named 'sklearn',,,,,,,
thread_fifo,thread,fifo,9dabb0f4,io_file,3,0.0,0.02009892463684082,0.02009892463684082,,0.009,0.016,0.0,13.0,0.0,55.1,0.19
thread_fifo,thread,fifo,271d5b33,cpu_matrix,1,0.0,0.01798391342163086,0.01798391342163086,,0.005,0.0,0.0,11.0,0.0,54.88,-0.21
thread_fifo,thread,fifo,bd0ab23b,io_sleep,3,0.0007569789886474609,0.4375629425048828,0.4383199214935303,,0.43,0.016,0.0,26.0,0.0,55.14,0.23
thread_fifo,thread,fifo,2d1008f4,io_file,3,0.0,0.02038884162902832,0.02038884162902832,,0.016,0.016,0.016,29.0,0.0,55.11,0.14
thread_fifo,thread,fifo,78990861,memory_numpy,2,0.0032041072845458984,0.03074502944946289,0.03394913673400879,,0.024,0.031,0.0,9.0,0.0,55.11,0.0
thread_fifo,thread,fifo,5fe8f048,io_sleep,3,0.0,0.38786792755126953,0.38786792755126953,,0.371,0.0,0.0,8.0,0.0,55.11,0.0
thread_fifo,thread,fifo,5bbe7361,memory_numpy,2,0.0,0.11406087875366211,0.11406087875366211,,0.077,0.047,0.062,33.0,0.0,55.13,0.02
thread_fifo,thread,fifo,2a155e4f,mixed_cpu_io,2,0.0,0.31038808822631836,0.31038808822631836,,0.297,0.094,0.062,40.0,0.0,55.11,-91.65
thread_fifo,thread,fifo,f91a038b,memory_numpy,2,0.0,0.08457016944885254,0.08457016944885254,,0.063,0.016,0.062,23.0,0.0,55.11,0.0
thread_fifo,thread,fifo,9e27edde,cpu_fibonacci,1,0.0,0.1407778263092041,0.1407778263092041,,0.129,0.078,0.047,19.0,0.0,55.11,0.0
thread_fifo,thread,fifo,beb0aa79,io_sleep,3,0.0,0.40749216079711914,0.40749216079711914,,0.399,0.0,0.0,9.0,0.0,55.11,0.0
thread_fifo,thread,fifo,07392d5b,cpu_matrix,1,0.0,0.01919388771057129,0.01919388771057129,,0.005,0.016,0.0,12.0,0.0,54.88,-0.23
thread_fifo,thread,fifo,0e80ce7a,cpu_fibonacci,1,0.0,0.06098294258117676,0.06098294258117676,,0.049,0.016,0.031,3.0,0.0,54.89,0.0
thread_fifo,thread,fifo,4674730c,io_sleep,3,0.0,0.4744281768798828,0.4744281768798828,,0.464,0.0,0.0,0.0,0.0,54.94,-9.61
thread_fifo,thread,fifo,2500e1a2,cpu_matrix,1,0.0,0.02022099494934082,0.02022099494934082,,0.006,0.016,0.0,18.0,0.0,54.89,-0.05
thread_fifo,thread,fifo,cd788bc2,memory_numpy,2,0.004906892776489258,0.12931394577026367,0.13422083854675293,,0.088,0.109,0.016,25.0,0.0,54.97,0.0
thread_fifo,thread,fifo,dbc7823f,cpu_fibonacci,1,0.004906892776489258,0.2325289249420166,0.23743581771850586,,0.221,0.234,0.031,95.0,0.0,55.02,-0.19
thread_fifo,thread,fifo,466e8388,cpu_fibonacci,1,0.0,0.09164285659790039,0.09164285659790039,,0.079,0.062,0.016,12.0,0.0,54.95,0.0
thread_fifo,thread,fifo,22e9ec89,ml_predict,2,0.0,0.003969907760620117,0.003969907760620117,No module named 'sklearn',,,,,,,
thread_fifo,thread,fifo,5b4f8179,memory_numpy,2,0.0,0.03635907173156738,0.03635907173156738,,0.025,0.031,0.0,2.0,0.0,54.95,0.0
thread_fifo,thread,fifo,7485c9c4,ml_predict,2,0.0,0.010013103485107422,0.010013103485107422,No module named 'sklearn',,,,,,,
thread_fifo,thread,fifo,b09d12db,ml_predict,2,0.0,0.010190010070800781,0.010190010070800781,No module named 'sklearn',,,,,,,
thread_fifo,thread,fifo,18444a10,memory_numpy,2,0.0,0.0752420425415039,0.0752420425415039,,0.057,0.0,0.062,9.0,0.0,54.95,0.0
thread_fifo,thread,fifo,81176522,ml_predict,2,0.0,0.013828039169311523,0.013828039169311523,No module named 'sklearn',,,,,,,
thread_fifo,thread,fifo,c026b0ce,memory_numpy,2,0.004067897796630859,0.0505681037902832,0.05463600158691406,,0.04,0.031,0.016,6.0,0.0,54.95,0.0
thread_fifo,thread,fifo,ebc177b5,io_sleep,3,0.0,0.3912661075592041,0.3912661075592041,,0.387,0.0,0.0,7.0,0.0,54.95,0.0
thread_fifo,thread,fifo,f6f01295,cpu_fibonacci,1,0.001973867416381836,0.08105993270874023,0.08303380012512207,,0.078,0.047,0.031,5.0,0.0,54.97,0.0
thread_fifo,thread,fifo,039a1483,io_sleep,3,0.0,0.43511295318603516,0.43511295318603516,,0.42,0.062,0.031,20.0,0.0,54.95,0.0
thread_fifo,thread,fifo,b9a23647,cpu_fibonacci,1,0.0,0.14206719398498535,0.14206719398498535,,0.127,0.094,0.031,22.0,0.0,54.95,0.0
thread_fifo,thread,fifo,27191b68,cpu_matrix,1,0.0,0.012106895446777344,0.012106895446777344,,0.002,0.0,0.016,13.0,0.0,54.89,-0.05
thread_fifo,thread,fifo,e273942d,io_file,3,0.0,0.02274298667907715,0.02274298667907715,,0.01,0.0,0.016,13.0,0.0,54.89,0.0
thread_fifo,thread,fifo,d0903c0e,io_file,3,0.0,0.007477998733520508,0.007477998733520508,,0.008,0.0,0.016,12.0,0.0,54.9,0.0
thread_fifo,thread,fifo,f4b87458,memory_list,2,0.0,0.061758995056152344,0.061758995056152344,,0.057,0.0,0.062,9.0,0.0,56.88,1.91
thread_fifo,thread,fifo,9cb57fa2,io_sleep,3,0.0,0.26687002182006836,0.26687002182006836,,0.252,0.016,0.062,20.0,0.0,56.16,1.27
thread_fifo,thread,fifo,49afdb20,cpu_fibonacci,1,0.0,0.09108710289001465,0.09108710289001465,,0.078,0.078,0.0,6.0,0.0,56.16,0.0
thread_fifo,thread,fifo,7e3ad7cb,memory_numpy,2,0.0,0.06803202629089355,0.06803202629089355,,0.055,0.031,0.031,12.0,0.0,56.16,0.0
thread_fifo,thread,fifo,83334a96,mixed_cpu_io,2,0.0,0.26566600799560547,0.26566600799560547,,0.252,0.062,0.0,-41.0,0.0,56.09,-0.07
thread_fifo,thread,fifo,df0e75c5,io_sleep,3,0.0008008480072021484,0.3553950786590576,0.35619592666625977,,0.345,0.109,0.016,31.0,0.0,56.12,0.02
thread_fifo,thread,fifo,b8c8c0bf,mixed_cpu_io,2,0.0,0.3408520221710205,0.3408520221710205,,0.332,0.109,0.016,43.0,0.0,56.16,0.05
thread_fifo,thread,fifo,4351f645,io_sleep,3,0.0,0.18547987937927246,0.18547987937927246,,0.169,0.0,0.0,9.0,0.0,56.09,0.0
thread_fifo,thread,fifo,95605b96,io_file,3,0.0,0.020253896713256836,0.020253896713256836,,0.009,0.016,0.0,13.0,0.0,56.12,0.0
thread_fifo,thread,fifo,b27ab024,io_sleep,3,0.0,0.504497766494751,0.504497766494751,,0.495,0.016,0.0,34.0,0.0,56.09,0.0
thread_priority,thread,priority,e09ec5c7,cpu_matrix,1,0.0,0.030905961990356445,0.030905961990356445,,0.015,0.047,0.016,28.0,0.0,112.77,52.9
thread_priority,thread,priority,ac853687,memory_numpy,2,0.0,0.041124820709228516,0.041124820709228516,,0.033,0.047,0.016,47.0,0.0,51.49,5.03
thread_priority,thread,priority,cce05ea6,cpu_fibonacci,1,0.0,0.35120201110839844,0.35120201110839844,,0.337,0.312,0.031,62.0,0.0,51.5,0.0
thread_priority,thread,priority,26a3eb3c,io_sleep,3,0.0,0.36135387420654297,0.36135387420654297,,0.347,0.312,0.031,71.0,0.0,51.5,0.04
thread_priority,thread,priority,c0ca02ca,memory_list,2,0.0,0.06233096122741699,0.06233096122741699,,0.053,0.031,0.016,38.0,0.0,57.7,6.22
thread_priority,thread,priority,3f8fa302,io_sleep,3,0.0,0.2760629653930664,0.2760629653930664,,0.253,0.016,0.0,12.0,0.0,56.74,-0.96
thread_priority,thread,priority,f0a7c1f0,memory_numpy,2,0.0,0.0790250301361084,0.0790250301361084,,0.055,0.031,0.078,14.0,0.0,54.77,-9.45
thread_priority,thread,priority,39c3a56d,memory_numpy,2,0.0,0.0790250301361084,0.0790250301361084,,0.066,0.031,0.078,22.0,0.0,54.77,0.0
thread_priority,thread,priority,af580716,mixed_cpu_io,2,0.0,0.2590060234069824,0.2590060234069824,,0.254,0.047,0.016,15.0,0.0,54.75,0.0
thread_priority,thread,priority,9bdb536a,cpu_matrix,1,0.0,0.021923065185546875,0.021923065185546875,,0.009,0.0,0.016,35.0,0.0,68.18,13.44
thread_priority,thread,priority,5ea59cce,memory_numpy,2,0.0,0.05714702606201172,0.05714702606201172,,0.045,0.031,0.016,10.0,0.0,54.25,0.45
thread_priority,thread,priority,a7e2635e,mixed_cpu_io,2,0.0,0.34072089195251465,0.34072089195251465,,0.326,0.109,0.016,23.0,0.0,53.27,0.0
thread_priority,thread,priority,99ab2024,cpu_fibonacci,1,0.0,0.06185007095336914,0.06185007095336914,,0.049,0.016,0.031,4.0,0.0,53.27,0.0
thread_priority,thread,priority,d76fe217,ml_predict,2,0.0,0.01013803482055664,0.01013803482055664,No module named 'sklearn',,,,,,,
thread_priority,thread,priority,c4ca2076,memory_numpy,2,0.0,0.07105398178100586,0.07105398178100586,,0.057,0.047,0.016,4.0,0.0,53.3,0.0
thread_priority,thread,priority,e867862b,io_sleep,3,0.0,0.20735502243041992,0.20735502243041992,,0.194,0.047,0.031,16.0,0.0,53.28,0.0
thread_priority,thread,priority,aed71c23,io_file,3,0.0,0.020514965057373047,0.020514965057373047,,0.011,0.0,0.016,14.0,0.0,53.54,0.27
thread_priority,thread,priority,c364fc27,ml_predict,2,0.0012161731719970703,0.006439924240112305,0.007656097412109375,No module named 'sklearn',,,,,,,
thread_priority,thread,priority,f078c97e,ml_predict,2,0.0,0.011898994445800781,0.011898994445800781,No module named 'sklearn',,,,,,,
thread_priority,thread,priority,c3d08f72,cpu_fibonacci,1,0.0,0.13414692878723145,0.13414692878723145,,0.127,0.094,0.031,12.0,0.0,53.55,0.0
thread_priority,thread,priority,daade163,cpu_fibonacci,1,0.0,0.08261799812316895,0.08261799812316895,,0.079,0.062,0.016,11.0,0.0,53.55,0.0
thread_priority,thread,priority,466f02a4,cpu_fibonacci,1,0.0,0.13293099403381348,0.13293099403381348,,0.126,0.125,0.0,14.0,0.0,53.62,0.0
thread_priority,thread,priority,0ad1780c,io_sleep,3,0.0011479854583740234,0.44518613815307617,0.4463341236114502,,0.436,0.156,0.0,31.0,0.0,53.59,0.04
thread_priority,thread,priority,c6ff5103,cpu_fibonacci,1,0.0,0.13403892517089844,0.13403892517089844,,0.125,0.109,0.016,15.0,0.0,53.62,0.0
thread_priority,thread,priority,796de101,mixed_cpu_io,2,0.0008819103240966797,0.3686201572418213,0.36950206756591797,,0.359,0.234,0.016,67.0,0.0,53.62,0.03
thread_priority,thread,priority,79de3920,cpu_matrix,1,0.0,0.010159969329833984,0.010159969329833984,,0.002,0.0,0.0,13.0,0.0,52.87,-0.73
thread_priority,thread,priority,03a38f86,cpu_fibonacci,1,0.0,0.35695695877075195,0.35695695877075195,,0.338,0.328,0.0,44.0,0.0,53.39,0.05
thread_priority,thread,priority,1327c96c,cpu_matrix,1,0.0,0.010369062423706055,0.010369062423706055,,0.004,0.016,0.0,12.0,0.0,52.95,-0.46
thread_priority,thread,priority,9c3151a5,memory_numpy,2,0.0,0.060511112213134766,0.060511112213134766,,0.055,0.062,0.0,4.0,0.0,53.42,0.0
thread_priority,thread,priority,b2d355b6,io_sleep,3,0.0017819404602050781,0.37229108810424805,0.3740730285644531,,0.369,0.078,0.016,41.0,0.0,53.39,-0.01
thread_priority,thread,priority,ba0fb16f,mixed_cpu_io,2,0.0,0.26417088508605957,0.26417088508605957,,0.253,0.016,0.016,14.0,0.0,53.4,0.0
thread_priority,thread,priority,15cc88cf,cpu_fibonacci,1,0.0,0.1425788402557373,0.1425788402557373,,0.13,0.094,0.031,20.0,0.0,53.4,0.0
thread_priority,thread,priority,92e728d0,io_file,3,0.001119852066040039,0.022939205169677734,0.024059057235717773,,0.011,0.016,0.0,15.0,0.0,53.6,0.2
thread_priority,thread,priority,c86b3353,cpu_matrix,1,0.0,0.010113954544067383,0.010113954544067383,,0.004,0.016,0.0,10.0,0.0,54.27,0.64
thread_priority,thread,priority,d48c0d2c,memory_numpy,2,0.0,0.031501054763793945,0.031501054763793945,,0.025,0.016,0.016,4.0,0.0,54.28,0.0
thread_priority,thread,priority,8a61e251,io_sleep,3,0.0,0.45601391792297363,0.45601391792297363,,0.442,0.047,0.016,38.0,0.0,54.25,0.64
thread_priority,thread,priority,7269a2fc,cpu_fibonacci,1,0.0,0.3505871295928955,0.3505871295928955,,0.336,0.297,0.031,36.0,0.0,54.25,0.0
thread_priority,thread,priority,344f5e3d,cpu_fibonacci,1,0.0,0.04961681365966797,0.04961681365966797,,0.047,0.047,0.0,5.0,0.0,54.25,0.0
thread_priority,thread,priority,a55696fe,io_file,3,0.0,0.02048206329345703,0.02048206329345703,,0.011,0.031,0.0,16.0,0.0,54.34,0.1
thread_priority,thread,priority,bee034e9,io_sleep,3,0.0,0.13585996627807617,0.13585996627807617,,0.129,0.016,0.0,4.0,0.0,54.35,0.0
thread_priority,thread,priority,59065f8a,cpu_fibonacci,1,0.0,0.4105808734893799,0.4105808734893799,,0.343,0.359,0.0,61.0,0.0,54.37,0.02
thread_priority,thread,priority,e47f55c7,cpu_fibonacci,1,0.0,0.1351151466369629,0.1351151466369629,,0.134,0.141,0.0,63.0,0.0,54.38,0.0
thread_priority,thread,priority,064513f3,cpu_fibonacci,1,0.0,0.09203314781188965,0.09203314781188965,,0.08,0.078,0.0,16.0,0.0,54.34,0.0
thread_priority,thread,priority,f819bc78,ml_predict,2,0.0,0.010347127914428711,0.010347127914428711,No module named 'sklearn',,,,,,,
thread_priority,thread,priority,3cbadb7f,io_file,3,0.0,0.018348217010498047,0.018348217010498047,,0.01,0.016,0.0,14.0,0.0,54.37,0.0
thread_priority,thread,priority,145d84ed,io_sleep,3,0.0035729408264160156,0.3935520648956299,0.3971250057220459,,0.383,0.062,0.0,39.0,0.0,54.35,0.0
thread_priority,thread,priority,4ccd1eb5,cpu_fibonacci,1,0.0,0.05972099304199219,0.05972099304199219,,0.052,0.047,0.016,9.0,0.0,54.37,0.0
thread_priority,thread,priority,8f0e36b2,io_sleep,3,0.0,0.4118330478668213,0.4118330478668213,,0.397,0.047,0.047,25.0,0.0,54.34,0.0
thread_priority,thread,priority,11c02c32,io_sleep,3,0.0,0.17087507247924805,0.17087507247924805,,0.161,0.0,0.0,6.0,0.0,54.34,0.0
thread_priority,thread,priority,49be913c,ml_predict,2,0.0,0.01017308235168457,0.01017308235168457,No module named 'sklearn',,,,,,,
thread_priority,thread,priority,c4012967,cpu_matrix,1,0.003217935562133789,0.009914159774780273,0.013132095336914062,,0.004,0.016,0.0,11.0,0.0,54.0,-0.34
thread_priority,thread,priority,e38a35d2,cpu_fibonacci,1,0.0,0.09386014938354492,0.09386014938354492,,0.083,0.062,0.016,15.0,0.0,54.01,0.0
thread_priority,thread,priority,d27fdd05,cpu_matrix,1,0.0,0.023094892501831055,0.023094892501831055,,0.009,0.0,0.016,25.0,0.0,54.28,0.27
thread_priority,thread,priority,8a121fdb,io_sleep,3,0.0,0.4922161102294922,0.4922161102294922,,0.488,0.0,0.016,22.0,0.0,54.25,-2.08
thread_priority,thread,priority,4bcab5f2,cpu_matrix,1,0.0,0.010164022445678711,0.010164022445678711,,0.002,0.0,0.016,12.0,0.0,54.21,-0.04
thread_priority,thread,priority,67d71fdc,memory_list,2,0.0011200904846191406,0.1028599739074707,0.10398006439208984,,0.093,0.062,0.031,15.0,0.0,55.51,1.3
thread_priority,thread,priority,743575da,cpu_matrix,1,0.0,0.017035961151123047,0.017035961151123047,,0.005,0.0,0.0,11.0,0.0,54.06,-0.62
thread_priority,thread,priority,4a987891,io_sleep,3,0.0,0.4397718906402588,0.4397718906402588,,0.431,0.016,0.047,36.0,0.0,54.51,-0.07
thread_priority,thread,priority,933a0abd,io_sleep,3,0.0,0.2982001304626465,0.2982001304626465,,0.288,0.016,0.031,28.0,0.0,54.48,-0.15
thread_priority,thread,priority,6edc695c,memory_list,2,0.0,0.04090118408203125,0.04090118408203125,,0.034,0.016,0.016,5.0,0.0,55.11,0.62
thread_priority,thread,priority,e3695ead,io_sleep,3,0.0,0.41678404808044434,0.41678404808044434,,0.401,0.0,0.016,8.0,0.0,54.73,0.0
thread_priority,thread,priority,4424fdcf,cpu_matrix,1,0.0,0.014644861221313477,0.014644861221313477,,0.003,0.016,0.0,13.0,0.0,54.04,-0.72
thread_priority,thread,priority,6e175ddb,cpu_matrix,1,0.0,0.010181903839111328,0.010181903839111328,,0.005,0.0,0.0,16.0,0.0,54.66,-0.01
thread_priority,thread,priority,c148b9b0,io_sleep,3,0.0,0.3477339744567871,0.3477339744567871,,0.335,0.0,0.016,38.0,0.0,54.59,0.07
thread_priority,thread,priority,b726e6bc,io_sleep,3,0.0006530284881591797,0.4940299987792969,0.49468302726745605,,0.49,0.0,0.016,29.0,0.0,54.57,-0.03
thread_priority,thread,priority,86726ea5,io_file,3,0.0,0.02052593231201172,0.02052593231201172,,0.009,0.016,0.0,18.0,0.0,54.67,0.09
thread_priority,thread,priority,40ac1d24,memory_list,2,0.0,0.19684600830078125,0.19684600830078125,,0.124,0.141,0.016,65.0,0.0,56.42,1.73
thread_priority,thread,priority,d49e94e8,mixed_cpu_io,2,0.0,0.388530969619751,0.388530969619751,,0.385,0.172,0.016,76.0,0.0,55.77,1.08
thread_priority,thread,priority,139fd79e,cpu_fibonacci,1,0.0005221366882324219,0.1856060028076172,0.1861281394958496,,0.157,0.141,0.016,32.0,0.0,54.8,0.0
thread_priority,thread,priority,0e27f766,mixed_cpu_io,2,0.0,0.2986879348754883,0.2986879348754883,,0.29,0.156,0.047,48.0,0.0,54.78,-0.02
thread_priority,thread,priority,c7387960,memory_numpy,2,0.0,0.06250500679016113,0.06250500679016113,,0.048,0.062,0.0,6.0,0.0,54.78,0.0
thread_priority,thread,priority,d4c6d54d,mixed_cpu_io,2,0.0,0.26572179794311523,0.26572179794311523,,0.254,0.062,0.0,15.0,0.0,54.78,0.0
thread_priority,thread,priority,72346f77,memory_numpy,2,0.0,0.13341999053955078,0.13341999053955078,,0.08,0.078,0.031,38.0,0.0,54.8,0.0
thread_priority,thread,priority,d0f821e5,cpu_fibonacci,1,0.0,0.3701601028442383,0.3701601028442383,,0.36,0.344,0.062,128.0,0.0,54.8,-12.44
thread_priority,thread,priority,c524970a,io_sleep,3,0.0,0.31525707244873047,0.31525707244873047,,0.311,0.125,0.016,30.0,0.0,54.8,0.0
thread_priority,thread,priority,e6d61a34,io_sleep,3,0.0,0.1654360294342041,0.1654360294342041,,0.151,0.016,0.031,5.0,0.0,54.78,-0.02
thread_priority,thread,priority,a8aac2ca,ml_predict,2,0.0,0.009646892547607422,0.009646892547607422,No module named 'sklearn',,,,,,,
thread_priority,thread,priority,f04eece9,cpu_matrix,1,0.0,0.01114201545715332,0.01114201545715332,,0.004,0.016,0.0,18.0,0.0,54.13,-0.67
thread_priority,thread,priority,6af26c9c,io_sleep,3,0.0,0.26837587356567383,0.26837587356567383,,0.258,0.016,0.0,30.0,0.0,54.58,-0.2
thread_priority,thread,priority,3ad25b5c,cpu_matrix,1,0.0,0.015450000762939453,0.015450000762939453,,0.004,0.0,0.0,17.0,0.0,54.59,0.0
thread_priority,thread,priority,d76719d6,io_file,3,0.0,0.020257949829101562,0.020257949829101562,,0.01,0.0,0.0,12.0,0.0,54.7,0.11
thread_priority,thread,priority,2fcd0bd6,cpu_fibonacci,1,0.0,0.3383359909057617,0.3383359909057617,,0.33,0.312,0.031,37.0,0.0,54.7,0.0
thread_priority,thread,priority,5256d35b,cpu_fibonacci,1,0.0,0.07842016220092773,0.07842016220092773,,0.061,0.016,0.047,10.0,0.0,54.7,0.0
thread_priority,thread,priority,09f13d57,memory_numpy,2,0.0,0.06323719024658203,0.06323719024658203,,0.059,0.016,0.047,30.0,0.0,54.72,0.0
thread_priority,thread,priority,81bd89fc,io_sleep,3,0.0008320808410644531,0.3772158622741699,0.3780479431152344,,0.372,0.016,0.047,43.0,0.0,54.7,0.0
thread_priority,thread,priority,ed648455,ml_predict,2,0.0,0.010299921035766602,0.010299921035766602,No module named 'sklearn',,,,,,,
thread_priority,thread,priority,bec947c2,io_sleep,3,0.0,0.36347198486328125,0.36347198486328125,,0.359,0.0,0.0,6.0,0.0,54.7,0.0
thread_priority,thread,priority,c4aea8c8,ml_predict,2,0.0,0.020416975021362305,0.020416975021362305,No module named 'sklearn',,,,,,,
thread_priority,thread,priority,0397941d,io_file,3,0.0,0.030564069747924805,0.030564069747924805,,0.021,0.0,0.016,45.0,0.0,54.96,0.25
thread_priority,thread,priority,e6c0a3e8,cpu_fibonacci,1,0.0,0.1421070098876953,0.1421070098876953,,0.131,0.109,0.031,21.0,0.0,54.96,0.0
thread_priority,thread,priority,7d2c63ae,mixed_cpu_io,2,0.0,0.29259586334228516,0.29259586334228516,,0.281,0.031,0.047,22.0,0.0,54.98,0.02
thread_priority,thread,priority,0c1a26cc,io_sleep,3,0.0,0.40403008460998535,0.40403008460998535,,0.398,0.016,0.0,7.0,0.0,54.96,-0.02
thread_priority,thread,priority,efd14584,cpu_matrix,1,0.002852201461791992,0.012169837951660156,0.015022039413452148,,0.003,0.0,0.016,13.0,0.0,54.56,-0.41
thread_priority,thread,priority,f3b825f0,memory_numpy,2,0.0,0.03145194053649902,0.03145194053649902,,0.021,0.016,0.0,8.0,0.0,54.56,0.0
thread_priority,thread,priority,1cae5ad9,io_sleep,3,0.0,0.24807000160217285,0.24807000160217285,,0.237,0.016,0.0,7.0,0.0,54.56,0.0
thread_priority,thread,priority,219175ac,cpu_fibonacci,1,0.0,0.555199146270752,0.555199146270752,,0.491,0.406,0.094,184.0,0.0,54.7,0.14
thread_priority,thread,priority,dc5f9052,mixed_cpu_io,2,0.0006630420684814453,0.3796379566192627,0.38030099868774414,,0.372,0.312,0.062,185.0,0.0,54.75,0.12
thread_priority,thread,priority,663eee88,mixed_cpu_io,2,0.0,0.4033079147338867,0.4033079147338867,,0.398,0.172,0.016,96.0,0.0,54.66,-0.04
thread_priority,thread,priority,73a08e3f,ml_predict,2,0.003567934036254883,0.005969047546386719,0.009536981582641602,No module named 'sklearn',,,,,,,
thread_priority,thread,priority,cd6bc8e6,ml_predict,2,0.0,0.009971857070922852,0.009971857070922852,No module named 'sklearn',,,,,,,
thread_priority,thread,priority,400c43eb,io_file,3,0.0033409595489501953,0.017015933990478516,0.02035689353942871,,0.011,0.016,0.0,17.0,0.0,54.7,0.04
thread_priority,thread,priority,1fa519d0,ml_predict,2,0.0,0.008360147476196289,0.008360147476196289,No module named 'sklearn',,,,,,,
thread_priority,thread,priority,55f5c92f,ml_predict,2,0.0,0.012444019317626953,0.012444019317626953,No module named 'sklearn',,,,,,,
thread_priority,thread,priority,b94b2d3f,memory_numpy,2,0.0005171298980712891,0.05984091758728027,0.06035804748535156,,0.053,0.031,0.031,7.0,0.0,54.7,0.0
thread_priority,thread,priority,7be36ced,memory_list,2,0.0,0.09486198425292969,0.09486198425292969,,0.081,0.062,0.031,17.0,0.0,54.68,-0.02
thread_priority,thread,priority,530b069f,cpu_matrix,1,0.0,0.1228480339050293,0.1228480339050293,,0.072,0.078,0.0,39.0,0.0,54.52,0.0
thread_priority,thread,priority,3b50757e,cpu_fibonacci,1,0.0,0.23552608489990234,0.23552608489990234,,0.221,0.219,0.016,116.0,0.0,54.52,0.07
thread_priority,thread,priority,778807b7,cpu_fibonacci,1,0.0,0.22681498527526855,0.22681498527526855,,0.214,0.172,0.031,86.0,0.0,54.76,0.27
thread_priority,thread,priority,02251d12,io_file,3,0.0006539821624755859,0.1434190273284912,0.1440730094909668,,0.143,0.156,0.0,79.0,0.0,54.73,0.22
thread_priority,thread,priority,a662520f,cpu_fibonacci,1,0.0,0.3385591506958008,0.3385591506958008,,0.334,0.328,0.016,42.0,0.0,54.45,0.0
thread_priority,thread,priority,5e79c36c,cpu_fibonacci,1,0.0,0.3442728519439697,0.3442728519439697,,0.334,0.312,0.016,47.0,0.0,54.52,0.07
thread_priority,thread,priority,1b96ba92,io_sleep,3,0.00045609474182128906,0.2822690010070801,0.28272509574890137,,0.24,0.172,0.0,13.0,0.0,54.49,-0.02
thread_priority,thread,priority,74f512f0,io_file,3,0.0,0.02058887481689453,0.02058887481689453,,0.011,0.016,0.0,14.0,0.0,54.7,0.21
thread_priority,thread,priority,ae783c71,cpu_matrix,1,0.0,0.011966943740844727,0.011966943740844727,,0.003,0.0,0.016,12.0,0.0,54.45,-0.25
thread_priority,thread,priority,33a00f7a,io_sleep,3,0.0,0.11671090126037598,0.11671090126037598,,0.102,0.0,0.0,7.0,0.0,54.45,0.0
thread_priority,thread,priority,29b3a8a3,cpu_matrix,1,0.0,0.01409912109375,0.01409912109375,,0.005,0.016,0.0,14.0,0.0,54.45,0.0
thread_priority,thread,priority,73083d8b,io_file,3,0.0,0.02064204216003418,0.02064204216003418,,0.009,0.0,0.016,15.0,0.0,54.68,0.22
thread_priority,thread,priority,397fcad8,mixed_cpu_io,2,0.0,0.28498387336730957,0.28498387336730957,,0.279,0.062,0.016,16.0,0.0,54.68,0.0
thread_priority,thread,priority,f8a5f3b8,cpu_fibonacci,1,0.0010828971862792969,0.05920815467834473,0.06029105186462402,,0.048,0.031,0.031,3.0,0.0,54.68,0.0
thread_priority,thread,priority,8fba3ba6,cpu_fibonacci,1,0.0,0.0811929702758789,0.0811929702758789,,0.078,0.078,0.0,9.0,0.0,54.68,0.0
thread_priority,thread,priority,9ae1fd18,ml_predict,2,0.0,0.01632094383239746,0.01632094383239746,No module named 'sklearn',,,,,,,
thread_priority,thread,priority,919c278a,cpu_matrix,1,0.0010819435119628906,0.008015871047973633,0.009097814559936523,,0.002,0.0,0.0,13.0,0.0,54.46,-0.22
thread_priority,thread,priority,867da0cb,cpu_matrix,1,0.0,0.01035308837890625,0.01035308837890625,,0.002,0.0,0.0,11.0,0.0,55.25,0.73
thread_priority,thread,priority,0434faf3,io_sleep,3,0.0,0.49130797386169434,0.49130797386169434,,0.482,0.016,0.0,26.0,0.0,55.23,0.77
thread_priority,thread,priority,a844a1cf,ml_predict,2,0.0,0.009765863418579102,0.009765863418579102,No module named 'sklearn',,,,,,,
thread_priority,thread,priority,38fcb544,memory_list,2,0.001085042953491211,0.04839897155761719,0.0494840145111084,,0.039,0.031,0.016,12.0,0.0,54.71,0.25
thread_priority,thread,priority,2d3226de,ml_predict,2,0.0,0.010498046875,0.010498046875,No module named 'sklearn',,,,,,,
thread_priority,thread,priority,4aa213a2,cpu_fibonacci,1,0.0,0.06645488739013672,0.06645488739013672,,0.052,0.047,0.016,6.0,0.0,54.69,0.0
thread_priority,thread,priority,b517163b,io_sleep,3,0.0034248828887939453,0.3513960838317871,0.35482096672058105,,0.339,0.016,0.0,7.0,0.0,54.69,0.0
thread_priority,thread,priority,fbc5bb96,memory_numpy,2,0.0,0.040657997131347656,0.040657997131347656,,0.04,0.031,0.016,5.0,0.0,54.69,0.0
thread_priority,thread,priority,af72050e,mixed_cpu_io,2,0.0,0.26449084281921387,0.26449084281921387,,0.252,0.016,0.031,-41.0,0.0,54.62,-0.07
thread_priority,thread,priority,55891a13,cpu_matrix,1,0.0,0.0204770565032959,0.0204770565032959,,0.006,0.0,0.016,19.0,0.0,54.62,0.0
thread_priority,thread,priority,660d79bc,ml_predict,2,0.0011820793151855469,0.011491060256958008,0.012673139572143555,No module named 'sklearn',,,,,,,
thread_priority,thread,priority,3ca3ecd5,cpu_matrix,1,0.0,0.02086806297302246,0.02086806297302246,,0.004,0.0,0.016,14.0,0.0,54.62,0.0
thread_priority,thread,priority,cfeeef7b,ml_predict,2,0.0,0.010200023651123047,0.010200023651123047,No module named 'sklearn',,,,,,,
